Experiments,Time,PC_OD,PC_OD pred,PJ_OD,PJ_OD pred,BV_OD,BV_OD pred,BF_OD,BF_OD pred,BO_OD,BO_OD pred,BT_OD,BT_OD pred,BC_OD,BC_OD pred,BY_OD,BY_OD pred,BU_OD,BU_OD pred,DP_OD,DP_OD pred,BL_OD,BL_OD pred,BA_OD,BA_OD pred,BP_OD,BP_OD pred,CA_OD,CA_OD pred,EL_OD,EL_OD pred,FP_OD,FP_OD pred,CH_OD,CH_OD pred,AC_OD,AC_OD pred,BH_OD,BH_OD pred,CG_OD,CG_OD pred,ER_OD,ER_OD pred,RI_OD,RI_OD pred,CC_OD,CC_OD pred,DL_OD,DL_OD pred,DF_OD,DF_OD pred,Butyrate,Butyrate pred,Acetate,Acetate pred,Lactate,Lactate pred,Succinate,Succinate pred
BC-BU-BL-CA-EL-FP-AC-ER-RI-CC-DL,0,0.0,1.6211270065062677e-12,0.0,0.0,0.0,6.8998576925778654e-12,0.0,4.192022000793633e-12,0.0,2.154380731970995e-12,0.0,0.0,0.0006,0.0006000000119097749,0.0,4.569619259809504e-12,0.0006,0.0006000000007822834,0.0,6.304866568065948e-13,0.0006,0.0005999999877829024,0.0,1.3830830469623023e-12,0.0,1.7899060597396932e-12,0.0006,0.0006000000125614541,0.0006,0.0005999999937854397,0.0006,0.0006000000090562558,0.0,0.0,0.0006,0.000599999994629595,0.0,0.0,0.0,5.315233387974405e-12,0.0006,0.0005999999862037512,0.0006,0.0006000000022766455,0.0006,0.000600000013547961,0.0006,0.0006000000122922591,0.0,0.0,0.0,0.0,0.0,0.0,28.0,28.0,0.0,0.0
BC-BU-BL-CA-EL-FP-AC-ER-RI-CC-DL,16,0.0,0.0,0.0,0.007399352746150713,0.0,0.0,0.0,0.06454840191791769,0.0,0.03759273045481165,0.0,0.02572554512259502,0.341841121,0.5434968669501433,0.0,0.0,0.072999529,0.09379600591334453,0.0,0.004075193703589763,0.008330701,0.024511587314331854,0.0,0.06257091296455063,0.0,0.019162223905182393,0.032475612,0.04624614434714353,0.002117975,0.003581186164704523,0.000423595,0.001222016759049329,0.0,0.028208541064551562,0.120865758,0.1379782695604632,0.0,0.0006632736779947849,0.0,0.006612956573881239,0.497159267,0.2671006441835657,0.00084719,0.0023514725760407085,0.016379005,0.029735389263371242,0.603763995,0.34183313257764114,0.0,0.14456041583899437,37.06220448,24.28826578711975,31.8131948,37.842410140777034,14.47690446,27.643874630378225,6.76492558,9.489396720370003
BC-BU-BL-CA-EL-FP-AC-ER-RI-CC-DL,32,0.0,0.0,0.0,0.006294812834444034,0.0,0.0,0.0,0.0544886046751263,0.0,0.036571147472915795,0.0,0.06393495217534736,0.223361386,0.41795391138301796,0.0,0.0,0.067694509,0.0713093845066822,0.0,0.0025347911431924984,0.009300372,0.018147707187907435,0.0,0.02380413289745659,0.0,0.0,0.088277299,0.05095733144464355,0.011129953,0.011418213546771288,0.001372186,0.001700517854240725,0.0,0.046025426625631916,0.580129743,0.3064968662731448,0.0,0.0005735410807525851,0.0,0.007025118781098523,0.246841013,0.21226890484652117,0.001372186,0.001754031337866093,0.012197209,0.02438964773271022,0.207047619,0.3380951038662934,0.0,0.14013789174841368,44.18220984,29.658396549058214,29.59939548,37.350782995059895,6.48711895,24.496833507418614,8.74292394,9.883982051370486
BC-BU-BL-CA-EL-FP-AC-ER-RI-CC-DL,48,0.0,0.0,0.0,0.0038364275218964244,0.0,0.0,0.0,0.0658125087911863,0.0,0.035626478779676514,0.0,0.11977416972875109,0.184252297,0.39070258412631986,0.0,0.0,0.026445624,0.06665016669976565,0.0,0.0010175090629169928,0.008020394,0.0158236368608297,0.0,0.009934571999793942,0.0,0.0,0.082154848,0.038502630020707584,0.021459973,0.017210640242951797,0.001083837,0.0011745970696167996,0.0,0.05167969250834693,0.552865276,0.30654542709707217,0.0,0.00043699024386181096,0.0,0.008200997409260485,0.278654504,0.1685287105337771,0.000433535,0.0015128881220585462,0.01755816,0.02202324712934351,0.297079734,0.2688217141307028,0.0,0.13219614063849455,49.125764,33.71857754249821,25.67435172,33.74535757758681,3.18149782,21.860780962069846,7.94510523,11.021549697967993
BC-BU-DP-BL-BP-CA-EL-FP-BH-DL-DF,0,0.0,1.6211270065062677e-12,0.0,0.0,0.0,6.8998576925778654e-12,0.0,4.192022000793633e-12,0.0,2.154380731970995e-12,0.0,0.0,0.0006,0.0006000000119097749,0.0,4.569619259809504e-12,0.0006,0.0006000000007822834,0.0006,0.0005999999948330911,0.0006,0.0005999999877829024,0.0,1.3830830469623023e-12,0.0006,0.0006000000125001386,0.0006,0.0006000000125614541,0.0006,0.0005999999937854397,0.0006,0.0006000000090562558,0.0,0.0,0.0,0.0,0.0006,0.0006000000009001312,0.0,5.315233387974405e-12,0.0,5.5566312998339e-12,0.0,0.0,0.0,6.627025696866878e-12,0.0006,0.0006000000122922591,0.0006,0.0005999999978018569,0.0,0.0,0.0,0.0,28.0,28.0,0.0,0.0
BC-BU-DP-BL-BP-CA-EL-FP-BH-DL-DF,16,0.0,0.0,0.0,0.0025801763475614362,0.0,0.001390893613400005,0.0,0.0,0.0,0.0,0.0,0.046006089573916706,0.743964354,0.5368183632623549,0.0,0.031374560002415244,0.15587983,0.11368415550714872,0.011977959,0.009763095821454147,0.010480714,0.02720782404882413,0.0,0.033864888343626026,0.209115204,0.20872222303577978,0.030277619,0.08423253845908293,0.001330884,0.0033713614545629973,0.000332721,0.000880610010397893,0.0,0.021327982648056992,0.0,0.0,0.001497245,0.0014389723470660306,0.0,0.005490239147178996,0.0,0.012086301672900965,0.0,0.0010224219230510442,0.0,0.010382075784109667,0.306768844,0.4123747613207036,0.154881667,0.17182772754545156,0.30539048,7.506369042994242,61.39043596,48.81606785968859,54.17905765,45.03689227442479,11.98589679,8.127715111417961
BC-BU-DP-BL-BP-CA-EL-FP-BH-DL-DF,32,0.0,0.0,0.0,0.0029156437966987364,0.0,0.013823088960113094,0.0,0.006665464852078862,0.0,0.0,0.0,0.06874550527210863,0.775864642,0.471842750538036,0.0,0.04179872923038365,0.125267634,0.08463492570097667,0.008155989,0.0075645291498586155,0.032623958,0.017794534832222285,0.0,0.005359663345766465,0.27960405,0.15891841373098414,0.035342621,0.10318203404818538,0.004391687,0.008661005518912884,0.000209128,0.0010155797856837346,0.0,0.036433081294861586,0.0,0.04662344898284354,0.00104564,0.0013103747100447838,0.0,0.00386879417494076,0.0,0.008544808779527985,0.0,0.00022338593004099625,0.0,0.008605733445736086,0.339205512,0.3742470387910426,0.227112938,0.17665347503117265,0.72099992,9.360757057633572,52.58407892,52.52252566719112,55.56850088,47.62720578406509,11.82875188,9.050810066187955
BC-BU-DP-BL-BP-CA-EL-FP-BH-DL-DF,48,0.0,0.0,0.0,0.0,0.0,0.009686523567476731,0.0,0.00816842282536244,0.0,0.0,0.0,0.08832550597424882,0.949757822,0.4931032026369543,0.0,0.03708757133819367,0.104214934,0.06660188900967833,0.007600765,0.004789096184638183,0.014357001,0.013485868735105273,0.0,0.0,0.163669808,0.08570248061095036,0.012836848,0.10712916296757097,0.002533588,0.010662330505407578,0.000168906,0.0005450281448205663,0.0,0.04907444216234885,0.0,0.11131388197301459,0.001182341,0.0010769882431992913,0.0,0.0,0.0,0.007068795670533243,0.0,0.0,0.0,0.0035715984413006727,0.292882814,0.269048516655244,0.260115071,0.1745449375802753,1.76906968,11.760230728675388,55.35610532,49.02546480731018,59.45763081,45.87689205647149,13.98110143,11.123140227472915
BF-BC-BY-BA-CA-EL-FP-CH-AC-BH-ER-CC-DL-DF,0,0.0,1.6211270065062677e-12,0.0,0.0,0.0,6.8998576925778654e-12,0.000471429,0.00047142900665026637,0.0,2.154380731970995e-12,0.0,0.0,0.000471429,0.00047142899716891295,0.000471429,0.00047142900595774676,0.0,1.3394473410196367e-11,0.0,6.304866568065948e-13,0.0,0.0,0.000471429,0.0004714289926153514,0.0,1.7899060597396932e-12,0.000471429,0.0004714290033436448,0.000471429,0.00047142899770919204,0.000471429,0.0004714289928689822,0.000471429,0.000471429007478855,0.000471429,0.00047142899909853814,0.000471429,0.0004714290061476561,0.0,5.315233387974405e-12,0.000471429,0.0004714290140212304,0.0,0.0,0.000471429,0.00047142901393894526,0.000471429,0.00047142900367135097,0.000471429,0.0004714290064151635,0.0,0.0,0.0,0.0,28.0,28.0,0.0,0.0
BF-BC-BY-BA-CA-EL-FP-CH-AC-BH-ER-CC-DL-DF,16,0.0,0.03732266280969476,0.0,0.0007176257429105104,0.0,0.003169824079997434,0.158661918,0.22285616337609204,0.0,0.0,0.0,0.0,0.338587804,0.23507314318515413,0.118791977,0.1347768628814939,0.0,0.005636357049562994,0.0,0.0,0.0,0.0,0.091598633,0.1817348709166343,0.0,0.013262155144528588,0.017174744,0.027065546645665187,0.000408922,0.0016482859560654497,0.000204461,0.0011347077067468737,0.035576255,0.07721823639529653,0.12431243,0.09553898561336137,0.000613384,0.0013245816764171974,0.0,0.0,0.346152869,0.2704625473638413,0.0,0.0,0.006951682,0.02553200546033138,0.551023026,0.2969217141456755,0.103048462,0.20875882429435297,25.63802568,19.166789092275554,59.685464,43.76888163095468,22.14417596,29.553157065635794,13.5931722,11.922872503224399
BF-BC-BY-BA-CA-EL-FP-CH-AC-BH-ER-CC-DL-DF,32,0.0,0.03309394610596399,0.0,0.00018980009572917324,0.0,0.004351573097298741,0.126627674,0.17677074506441315,0.0,0.0,0.0,0.0,0.277241401,0.1868129420287864,0.07491748,0.11303996851944631,0.0,0.006106018736560831,0.0,0.0,0.0,0.0,0.037848124,0.0836554423042756,0.0,0.011404952402004377,0.035667573,0.044893810544246154,0.000934522,0.003312753624791224,0.000623014,0.0015568097655475539,0.055604034,0.10980203677119242,0.456981051,0.2597759840143678,0.000311507,0.0012216741184052746,0.0,0.0,0.197651313,0.23578039445843393,0.0,0.0,0.005139869,0.02372069549097934,0.235499437,0.2705194127619577,0.155130582,0.2208866611504356,27.37300208,23.374143179365063,41.15194828,43.969844641992104,21.36678998,26.63696395641899,14.47412695,13.986834933296409
BF-BC-BY-BA-CA-EL-FP-CH-AC-BH-ER-CC-DL-DF,48,0.0,0.01735219383163726,0.0,0.0,0.0,0.0,0.153531549,0.21420963340813395,0.0,0.003329106986882477,0.0,0.008811504909098558,0.219147244,0.1725831973028989,0.083327344,0.11328259036693722,0.0,0.0,0.0,0.0,0.0,0.00011693842510692842,0.023401402,0.056577598253056846,0.0,0.0,0.049372369,0.052575393863433066,0.001376553,0.005393440747319331,0.000642391,0.0011811324717490449,0.056255134,0.09998669558618699,0.406633769,0.2870455589570432,0.00018354,0.0011146263258925762,0.0,0.0,0.114712754,0.19511393179563408,0.0,7.849007060670935e-06,0.005414442,0.025396948374914602,0.145822852,0.18592074172093087,0.180420219,0.23884289545298013,28.44683208,26.77095190546929,36.78762604,39.313858529345,23.73217468,23.710951866723775,20.582903,16.28568468603693
BV-BF-BL-CA-FP-CH-AC-BH-ER-RI-DF,0,0.0,1.6211270065062677e-12,0.0,0.0,0.0006,0.0005999999883622173,0.0006,0.0005999999947840867,0.0,2.154380731970995e-12,0.0,0.0,0.0,0.0,0.0,4.569619259809504e-12,0.0,1.3394473410196367e-11,0.0,6.304866568065948e-13,0.0006,0.0005999999877829024,0.0,1.3830830469623023e-12,0.0,1.7899060597396932e-12,0.0006,0.0006000000125614541,0.0,3.187198606164482e-12,0.0006,0.0006000000090562558,0.0006,0.0005999999969266447,0.0006,0.000599999994629595,0.0006,0.0006000000009001312,0.0,5.315233387974405e-12,0.0006,0.0005999999862037512,0.0006,0.0006000000022766455,0.0,6.627025696866878e-12,0.0,6.0900955231504156e-12,0.0006,0.0005999999978018569,0.0,0.0,0.0,0.0,28.0,28.0,0.0,0.0
BV-BF-BL-CA-FP-CH-AC-BH-ER-RI-DF,16,0.0,0.22263384420344418,0.0,0.002868026518931817,0.088653422,0.039338741814442704,0.430435692,0.3612575741586859,0.0,0.08561882523428077,0.0,0.05901483751901088,0.0,0.09816084166391334,0.0,0.0,0.0,0.013948246630911453,0.0,0.002253048534554362,0.018897177,0.012364088414793136,0.0,0.05472861626946194,0.0,0.0,0.199703497,0.006599920678138069,0.0,0.0009333500212826907,0.006532357,0.0016724361889140344,0.30958708,0.11103495392601154,0.595611014,0.19176379093258356,0.002332985,0.0017087716651441203,0.0,0.0,0.600043685,0.31573735039809847,0.008632044,0.002336213150842146,0.0,0.0030446273755490322,0.0,0.06974331120764003,0.414571395,0.2667883140235073,31.85940104,20.20266151960124,32.35661536,44.89106277950002,7.68118245,23.089334473077578,18.07217348,18.6058852653128
BV-BF-BL-CA-FP-CH-AC-BH-ER-RI-DF,32,0.0,0.1249567331650278,0.0,0.0004583457377136616,0.011252305,0.026952892498060498,0.252373129,0.2500734040791476,0.0,0.049592626857984254,0.0,0.05871070672030805,0.0,0.08570090874626003,0.0,0.0,0.0,0.023757391477485033,0.0,0.0014472060440278596,0.006697801,0.0059419091152968576,0.0,0.034381938437822626,0.0,0.0,0.131544805,0.009562480637355882,0.0,0.0009327135793578537,0.005358241,0.0024003558543038484,0.721487087,0.2208806857577734,0.662010617,0.3805191347853324,0.001607472,0.001676485067721906,0.0,0.0013875482447807466,0.191289187,0.2678572884063691,0.00133956,0.0016839943771784277,0.0,0.0026482894240335703,0.0,0.12212855522858833,0.249426097,0.2939733241445557,34.5199824,23.757891730427353,39.41342328,44.05775188964996,1.02817301,20.12528226701221,24.08999451,21.494365324592646
BV-BF-BL-CA-FP-CH-AC-BH-ER-RI-DF,48,0.0,0.08954283527690617,0.0,0.0,0.01200963,0.015476232500028848,0.261209455,0.2659799320899934,0.0,0.033320143867057485,0.0,0.07512702377263261,0.0,0.07741977620868011,0.0,0.0,0.0,0.02166327187189905,0.0,0.0007672202989455568,0.00331845,0.0025237305480808616,0.0,0.02370941350252743,0.0,0.0,0.173191508,0.004960031540647197,0.0,0.0027467177234685655,0.002844386,0.0017171839869268252,0.451783322,0.23105287000292232,0.493026921,0.3888872289701001,0.000790107,0.0015567946878330594,0.0,0.0,0.136056467,0.22213057790650947,0.000790107,0.00153988664986934,0.0,0.001018884760763044,0.0,0.1045858744467508,0.390312979,0.33451814915942646,34.3107644,26.046102505052435,41.68957704,39.39801149043378,8.1419459,18.378367264341,28.10430182,24.271794571160385
BV-BF-BO-BT-BU-DP-BL-BA-BP-EL-FP-CH-AC-BH-CG-ER-RI,0,0.0,1.6211270065062677e-12,0.0,0.0,0.000388235,0.00038823500667203544,0.000388235,0.00038823499880699696,0.000388235,0.0003882350031024932,0.000388235,0.00038823500368752046,0.0,0.0,0.0,4.569619259809504e-12,0.000388235,0.0003882349995753072,0.000388235,0.0003882349960351514,0.000388235,0.0003882349976230857,0.000388235,0.0003882349957953215,0.000388235,0.0003882350014850842,0.0,1.1615850425625296e-12,0.000388235,0.00038823499881761217,0.000388235,0.00038823499575933555,0.000388235,0.0003882349984336739,0.000388235,0.0003882350007673288,0.000388235,0.0003882349963634797,0.000388235,0.0003882349970324811,0.000388235,0.00038823499490659287,0.000388235,0.0003882350017669785,0.0,6.627025696866878e-12,0.0,6.0900955231504156e-12,0.0,0.0,0.0,0.0,0.0,0.0,28.0,28.0,0.0,0.0
BV-BF-BO-BT-BU-DP-BL-BA-BP-EL-FP-CH-AC-BH-CG-ER-RI,16,0.0,0.11803580670905871,0.0,0.002497751377679467,0.007412968,0.03294193310296391,0.179219395,0.26169556179777387,0.19651632,0.21601209530284649,0.171661075,0.20142761847813062,0.0,0.13579553631284852,0.0,0.0,0.059739798,0.07803900281692705,0.004505922,0.006293918148658402,0.016279458,0.020366399334946196,0.189248704,0.13784132280353634,0.203783935,0.10799748315555904,0.0,0.0164455793094358,0.002761694,0.0009256434516981556,0.000290705,0.0013214343711069904,0.078054189,0.08372057453978639,0.071513335,0.09656921036188089,0.000436057,0.0005985536218195343,0.016279458,0.02519458768103793,0.341141865,0.20790626339375648,0.001453523,0.002317426482231224,0.0,0.0,0.0,0.05838615843726426,0.0,0.006553222698997552,15.42877712,13.662516671752071,48.66637932,48.32142168492654,38.993601,32.29037560411239,13.71602896,18.454703761398708
BV-BF-BO-BT-BU-DP-BL-BA-BP-EL-FP-CH-AC-BH-CG-ER-RI,32,0.0,0.052947743744995515,0.0,0.0029222540453141136,0.005350555,0.02589327548311527,0.136180253,0.17789143839426663,0.178121699,0.15962607922908137,0.17087256,0.16786001364220182,0.0,0.1059012301966134,0.0,0.007332829247862584,0.049190586,0.06717402727616252,0.005005358,0.0042228402834576925,0.016396862,0.011423048144388083,0.104076923,0.06061673649189253,0.206600459,0.08920518345513519,0.0,0.02213456367652415,0.003624569,0.001141677155026095,0.000862993,0.0020758594988621887,0.106148106,0.16006787821002783,0.27063452,0.3142497290765574,0.000172599,0.0007519488880024611,0.01777765,0.025637728828559768,0.229383467,0.17278595106806346,0.001725985,0.0015434781064097708,0.0,0.0,0.0,0.07170906803194076,0.0,0.018328911539231524,15.86674792,14.826435945451923,48.0247582,49.08055226846149,42.64385516,33.49751986786222,13.20005168,20.985668196321765
BV-BF-BO-BT-BU-DP-BL-BA-BP-EL-FP-CH-AC-BH-CG-ER-RI,48,0.0,0.02319278195382382,0.0,0.00118809013220947,0.007370776,0.01686488930595669,0.16925982,0.1869016949314451,0.238277087,0.17807291508535977,0.258513217,0.18417232146023224,0.0,0.0878744050718621,0.0,0.004527789944442015,0.040606275,0.06466205945234682,0.00227824,0.002592695159571705,0.003350353,0.007514219600046388,0.01661775,0.040853924885421604,0.099706498,0.053254653512750494,0.0,0.01141474069698803,0.002546268,0.002970718608912024,0.000268028,0.0015515775344855476,0.134148124,0.1629430221618784,0.372559225,0.3665131253804228,0.000536056,0.0007049986690419868,0.03390557,0.041268054292803516,0.24457575,0.14186016354479417,0.000804085,0.001275994554110352,0.0,0.0,0.0,0.05032912080215243,0.0,0.017984990325305317,17.3248908,15.357717249030813,44.27463468,45.137741306835814,41.00652828,33.71436006498445,16.93067403,23.192619043685973
BV-BO-BC-BY-BL-BA-FP-AC-BH-CG-DL-DF,0,0.0,1.6211270065062677e-12,0.0,0.0,0.00055,0.0005499999964643416,0.0,4.192022000793633e-12,0.00055,0.0005499999953174626,0.0,0.0,0.00055,0.0005499999944579109,0.00055,0.0005499999917708718,0.0,1.3394473410196367e-11,0.0,6.304866568065948e-13,0.00055,0.0005500000103982168,0.00055,0.000550000007234308,0.0,1.7899060597396932e-12,0.0,1.1615850425625296e-12,0.0,3.187198606164482e-12,0.00055,0.0005500000151354112,0.0,0.0,0.00055,0.0005499999977587338,0.00055,0.0005500000030057914,0.00055,0.0005499999978158656,0.0,5.5566312998339e-12,0.0,0.0,0.0,6.627025696866878e-12,0.00055,0.0005499999905149087,0.00055,0.0005499999890893567,0.0,0.0,0.0,0.0,28.0,28.0,0.0,0.0
BV-BO-BC-BY-BL-BA-FP-AC-BH-CG-DL-DF,16,0.0,0.0,0.0,0.0004550016823303641,0.078014191,0.04126031189477385,0.0,0.007103944850117672,0.156028382,0.1736278175200164,0.0,0.0,0.306267726,0.4344089114005609,0.120191475,0.11725935985585936,0.0,0.0,0.0,0.0,0.005099868,0.008998737548464617,0.172154991,0.1583191393817241,0.0,0.012152317737244935,0.0,0.0,0.0,0.00026314969320766625,0.002205348,0.0013255712744835546,0.0,0.020742098591258806,0.091935451,0.11977004604598096,0.00096484,0.0009397575328749057,0.017918454,0.03540210409944203,0.0,0.07982786919713171,0.0,0.0,0.0,0.0,0.5354861,0.4178379491247258,0.248101668,0.2289307520654859,19.41169216,15.79222736306375,48.74993096,52.505456723560464,26.27989104,32.42253833966586,11.83862928,12.015606933752146
BV-BO-BC-BY-BL-BA-FP-AC-BH-CG-DL-DF,32,0.0,0.0,0.0,0.000926936944010668,0.031364372,0.03690416588233525,0.0,0.008257482538836292,0.097835456,0.12418831029266475,0.0,0.0,0.268022815,0.3529717853351978,0.085182783,0.1009942590490176,0.0,0.0,0.0,0.0,0.019068112,0.004405554525331492,0.075381417,0.06518708468155893,0.0,0.012947710602077833,0.0,0.0055906596902447064,0.0,0.0,0.002494893,0.0025156681220185016,0.0,0.0,0.349106844,0.3869916609729565,0.00053462,0.0009474291335576542,0.019246319,0.02997036379262491,0.0,0.09612329492768475,0.0,0.0,0.0,0.0,0.580775501,0.3971634685773968,0.259290688,0.23987944923447257,19.91755296,20.823189846882652,49.6916146,52.084529651535334,27.35828787,28.36786079295881,12.16559384,13.749318190398018
BV-BO-BC-BY-BL-BA-FP-AC-BH-CG-DL-DF,48,0.0,0.0,0.0,0.0,0.02322757,0.022051687737743714,0.0,0.002203296024462398,0.118620187,0.12969792866960528,0.0,0.0,0.307809633,0.338982729876139,0.091669113,0.09610996971909407,0.0,0.0,0.0,0.0,0.015603253,0.0022794789583359463,0.050887883,0.03593207247455078,0.0,0.0,0.0,0.004795581530536046,0.0,0.0,0.002127716,0.0024647255899414946,0.0,0.0031695499010336026,0.576079203,0.4681436627693738,0.000709239,0.0008938068973630982,0.02890148,0.038018349253529586,0.0,0.0939379466348449,0.0,0.0,0.0,0.0,0.346463147,0.3033519529335699,0.296461812,0.2564049256036941,21.092888,25.376283579021973,51.06959808,45.91675562625484,27.35823222,23.544981536630097,13.66278525,15.755074256919634
BV-BO-BT-BY-BL-BA-BP-EL-FP-AC-BH-DL-DF,0,0.0,1.6211270065062677e-12,0.0,0.0,0.000507692,0.0005076919938397229,0.0,4.192022000793633e-12,0.000507692,0.0005076919858800263,0.000507692,0.0005076919918407294,0.0,0.0,0.000507692,0.0005076919951885295,0.0,1.3394473410196367e-11,0.0,6.304866568065948e-13,0.000507692,0.0005076920090858094,0.000507692,0.0005076920135450465,0.000507692,0.0005076919921827699,0.0,1.1615850425625296e-12,0.000507692,0.0005076919975115854,0.000507692,0.0005076920135190512,0.0,0.0,0.000507692,0.0005076920029748665,0.000507692,0.0005076920060903934,0.0,5.315233387974405e-12,0.0,5.5566312998339e-12,0.0,0.0,0.0,6.627025696866878e-12,0.000507692,0.0005076919888672755,0.000507692,0.0005076919994807263,0.0,0.0,0.0,0.0,28.0,28.0,0.0,0.0
BV-BO-BT-BY-BL-BA-BP-EL-FP-AC-BH-DL-DF,16,0.0,0.0,0.0,0.004508084911336772,0.032489812,0.04296862028335341,0.0,0.048534982592188455,0.135712654,0.15384286587698853,0.261949113,0.27079252309380336,0.0,0.11762563048697519,0.118452441,0.09517712504616632,0.0,0.0012146613327632116,0.0,0.0,0.019460044,0.0063583870377084345,0.158387836,0.138399532284348,0.093238993,0.16799206323939875,0.0,0.06771805105847682,0.002707484,0.0024150335058477114,0.000338436,0.001139401113428843,0.0,0.04114953974427244,0.08359358,0.07410492053328585,0.0,0.0012090572414617906,0.0,0.00449796514384266,0.0,0.10439965461414939,0.0,0.0,0.0,0.0,0.441150735,0.35590706081552675,0.319652374,0.228972112536991,21.38343968,16.89650105632876,48.45826064,49.628959723622785,31.17420095,33.39377610508405,14.57282178,14.102471445494004
BV-BO-BT-BY-BL-BA-BP-EL-FP-AC-BH-DL-DF,32,0.0,0.0,0.0,0.005267985362981203,0.090431499,0.04435696820505834,0.0,0.04210237424457637,0.118181938,0.11021885977675594,0.27672815,0.2353839639232016,0.0,0.07221310855303234,0.119540351,0.09356467690866319,0.0,0.009056639614051745,0.0,0.0,0.004851475,0.0029986402115868543,0.063263238,0.06448142760190717,0.081310726,0.12896732090218976,0.0,0.08732816655566716,0.003104944,0.00686191520934654,0.000388118,0.001999674227761385,0.0,0.04687617929309802,0.335916148,0.3058026498266812,0.000970295,0.0011351623136828947,0.0,0.006926855933553943,0.0,0.10534451107562809,0.0,0.0,0.0,0.0,0.286237041,0.3446316409624463,0.241215351,0.24410553435289284,21.2879148,20.973542965999652,43.13432776,49.66524931145285,29.60274512,30.420936574478002,14.07976233,15.489704968354097
BV-BO-BT-BY-BL-BA-BP-EL-FP-AC-BH-DL-DF,48,0.0,0.0,0.0,0.0027302330016973847,0.024860418,0.03039192378389631,0.0,0.050673676423814165,0.078544509,0.11358936895479756,0.234312441,0.2719349145659551,0.0,0.027496113056272864,0.096559304,0.09841155245554067,0.0,0.0,0.0,0.0,0.002522071,0.002015736585994166,0.02822318,0.04232493950524794,0.026661897,0.07117917715841417,0.0,0.09403143449289066,0.002882367,0.00923102248062142,0.0,0.0018664825096095712,0.0,0.034333209098679734,0.441722787,0.3682681992143793,0.000240197,0.000957768279452834,0.0,0.008443773863029911,0.0,0.09537445647719456,0.0,0.0,0.0,0.0,0.217138336,0.2670057410967355,0.323185432,0.2538851390362221,20.67110568,24.23857687828781,31.98301668,44.50439637987632,22.82764329,26.772233492352033,14.12608055,16.98294483038349
BY-BU-BP-CA-EL-FP-AC-BH-CG-ER-RI,0,0.0,1.6211270065062677e-12,0.0,0.0,0.0,6.8998576925778654e-12,0.0,4.192022000793633e-12,0.0,2.154380731970995e-12,0.0,0.0,0.0,0.0,0.0006,0.0005999999949021212,0.0006,0.0006000000007822834,0.0,6.304866568065948e-13,0.0,0.0,0.0,1.3830830469623023e-12,0.0006,0.0006000000125001386,0.0006,0.0006000000125614541,0.0006,0.0005999999937854397,0.0006,0.0006000000090562558,0.0,0.0,0.0006,0.000599999994629595,0.0006,0.0006000000009001312,0.0006,0.0006000000028647126,0.0006,0.0005999999862037512,0.0006,0.0006000000022766455,0.0,6.627025696866878e-12,0.0,6.0900955231504156e-12,0.0,0.0,0.0,0.0,0.0,0.0,28.0,28.0,0.0,0.0
BY-BU-BP-CA-EL-FP-AC-BH-CG-ER-RI,16,0.0,0.15991274007948564,0.0,0.015562216286678667,0.0,0.02172482532373008,0.0,0.05041671958811876,0.0,0.022055594905350556,0.0,0.08113695981241989,0.0,0.2490280169257312,0.595770218,0.17751556820883535,0.367039524,0.1420235849330247,0.0,0.001725684706150147,0.0,0.0001427577905696014,0.0,0.09920500436009287,0.396053393,0.22224200184196885,0.198026696,0.10808658300323544,0.034365942,0.003920482004867986,0.00281688,0.001471798831145799,0.0,0.03328182897645435,0.42675739,0.2834018191415739,0.00281688,0.0010594487689251368,0.126196245,0.032462117132761266,0.36619446,0.287332971908817,0.008450641,0.0022238684591587418,0.0,0.012073877290614068,0.0,0.05249437230792037,0.0,0.13530271767649701,51.88226152,31.055284032817614,15.20061032,35.72099232473257,2.50057184,19.781561033097773,11.54228089,15.440226617318114
BY-BU-BP-CA-EL-FP-AC-BH-CG-ER-RI,32,0.0,0.07601858598773371,0.0,0.00955547173543452,0.0,0.012650341626709976,0.0,0.03677235673756363,0.0,0.0061651866932434796,0.0,0.037293985716756364,0.0,0.14322687884784127,0.332010905,0.13640203353991698,0.169087237,0.09253500735349236,0.0,0.001505325863250267,0.0,7.879294436906846e-05,0.0,0.043335486059462774,0.385633953,0.16486374970606385,0.263184387,0.11348571359699888,0.01520347,0.012399389273874316,0.001643618,0.0019249792148676736,0.0,0.056398248401111115,0.4750057,0.5037178683301116,0.001849071,0.0009614666372601935,0.07437373,0.02844405174072662,0.213875836,0.20737758728495348,0.001232714,0.001536405513951886,0.0,0.005368824196509059,0.0,0.08236874984795871,0.0,0.11385285260240881,55.39724656,34.669225355058195,18.90451764,31.07877848390196,1.54067983,16.322827120817482,13.29784925,15.664565334757114
BY-BU-BP-CA-EL-FP-AC-BH-CG-ER-RI,48,0.0,0.053380483046609535,0.0,0.005856226755324871,0.0,0.011323019104850635,0.0,0.03957445657162943,0.0,0.0,0.0,0.024112693868207608,0.0,0.0854555593852783,0.225913334,0.14933093077649096,0.075368452,0.09171796655423585,0.0,0.0009132509693626928,0.0,0.0007537701754707568,0.0,0.026257514084209517,0.182036413,0.10316255075365485,0.117613189,0.12773728814943577,0.033219725,0.019189060493092585,0.000480054,0.0012182496728423767,0.0,0.03569616894817909,0.439921333,0.5333910506072931,0.000960108,0.0008338454274838961,0.059910718,0.050667168418141326,0.118285264,0.1491886937382274,0.001056118,0.001262254079641534,0.0,0.0012586219562662586,0.0,0.05990638368934161,0.0,0.10604332475100456,55.9028504,37.46684980293591,16.84983128,27.020340857718885,1.0982512,14.151963473916576,12.80834491,17.287501744502357
PC-BF-BO-BC-BY-DP-BL-BA-BP-CA-EL-AC-BH-CG-RI-CC-DL,0,0.000388235,0.0003882350016523453,0.0,0.0,0.0,6.8998576925778654e-12,0.000388235,0.00038823499880699696,0.000388235,0.0003882350031024932,0.0,0.0,0.000388235,0.0003882349992236767,0.000388235,0.0003882349960083569,0.0,1.3394473410196367e-11,0.000388235,0.0003882349960351514,0.000388235,0.0003882349976230857,0.000388235,0.0003882349957953215,0.000388235,0.0003882350014850842,0.000388235,0.00038823500055195254,0.000388235,0.00038823499881761217,0.0,3.99307887102851e-12,0.0,0.0,0.000388235,0.0003882350007673288,0.000388235,0.0003882349963634797,0.000388235,0.0003882349970324811,0.0,5.5566312998339e-12,0.000388235,0.0003882350017669785,0.000388235,0.00038823499313224116,0.000388235,0.00038823499789309985,0.0,0.0,0.0,0.0,0.0,0.0,28.0,28.0,0.0,0.0
PC-BF-BO-BC-BY-DP-BL-BA-BP-CA-EL-AC-BH-CG-RI-CC-DL,16,0.073798054,0.24663658487355578,0.0,0.002577399874975189,0.0,0.0,0.251892336,0.212369811050784,0.07555515,0.11980012989225064,0.0,0.0,0.288540349,0.37830975420792345,0.084340633,0.08608377108646632,0.0,0.006267318423025504,0.004016221,0.005429505845227666,0.014182279,0.019844578277871547,0.150984793,0.15368741228044477,0.105802311,0.1580061094055615,0.010793593,0.04437396255030233,0.001757097,0.0015451790479170033,0.0,0.00024922309879038974,0.0,0.0,0.031376723,0.0,0.000376521,0.0005370950290634321,0.020959651,0.029409675905115534,0.0,0.06099402345582479,0.001757097,0.001472197106742869,0.011672141,0.01553499173033586,0.315398824,0.2695520539076808,0.0,0.0,16.2465348,12.808410179062566,45.67505252,45.33288002549207,40.57114494,38.292682114013544,11.56155313,13.339280121955142
PC-BF-BO-BC-BY-DP-BL-BA-BP-CA-EL-AC-BH-CG-RI-CC-DL,32,0.094901193,0.17999681791902386,0.0,0.005269274734419882,0.0,0.0019228542972996431,0.223847657,0.18080021085126424,0.061565198,0.11267220410523092,0.0,0.006427681008309677,0.263708995,0.309029228172984,0.086815441,0.08774716736412966,0.0,0.01608597350039634,0.002837106,0.0040119307277542236,0.003546382,0.011284297324954723,0.095610469,0.06884218384146656,0.173489027,0.12996786867165144,0.013618108,0.06872054769067702,0.001844119,0.0031385106807218285,0.0,0.0005476802730079382,0.0,0.0,0.139443756,0.22188055997657394,0.000141855,0.000738700434728665,0.019576031,0.02928987192700242,0.0,0.04246943067805657,0.001418553,0.0012202724169633557,0.008511318,0.015369364996377134,0.318890705,0.24361136885040624,0.0,0.0,15.5104028,14.951445614553531,47.11692704,48.80606878046583,44.17931657,39.515684621400084,11.92693022,15.265043704423011
PC-BF-BO-BC-BY-DP-BL-BA-BP-CA-EL-AC-BH-CG-RI-CC-DL,48,0.044137011,0.129488249781185,0.0,0.004038230665320887,0.0,0.001201546653034835,0.226801037,0.23116007017867068,0.057592174,0.13934639697919024,0.0,0.0,0.235873079,0.2899517191188299,0.0721686,0.08868795095272441,0.0,0.0030277038959900943,0.002140594,0.0024239974340692213,0.00234446,0.007481153324535868,0.04311768,0.05161352077598924,0.074818859,0.07867047037638969,0.002446393,0.07850821201692407,0.001223197,0.005463249433758014,0.0,0.0005329206972667097,0.0,0.0,0.437802452,0.33073251991417535,0.000509665,0.000649266579900657,0.024463932,0.04728215566533271,0.0,0.0246578710548956,0.001121264,0.0012392268193287754,0.013149364,0.012754226939785951,0.200808109,0.17378102763154157,0.0,0.0,20.68401208,17.699783098282083,43.32903468,45.36703573380291,39.29952018,37.47842654793005,13.59232395,17.14853034775275
PC-BF-BO-BU-BA-BP-CA-FP-CG-CC-DL-DF,0,0.00055,0.0005499999973493891,0.0,0.0,0.0,6.8998576925778654e-12,0.00055,0.0005499999915193328,0.00055,0.0005499999953174626,0.0,0.0,0.0,0.0,0.0,4.569619259809504e-12,0.00055,0.0005500000005133842,0.0,6.304866568065948e-13,0.0,0.0,0.00055,0.000550000007234308,0.00055,0.0005499999899611634,0.00055,0.0005499999959893743,0.0,3.187198606164482e-12,0.00055,0.0005500000151354112,0.0,0.0,0.0,0.0,0.0,0.0,0.00055,0.0005499999978158656,0.0,5.5566312998339e-12,0.0,0.0,0.00055,0.0005500000065820766,0.00055,0.0005499999905149087,0.00055,0.0005499999890893567,0.0,0.0,0.0,0.0,28.0,28.0,0.0,0.0
PC-BF-BO-BU-BA-BP-CA-FP-CG-CC-DL-DF,16,0.024847546,0.19296329343869267,0.0,0.0,0.0,0.002827544626702771,0.318677911,0.30159766940964694,0.233935845,0.23826376723788995,0.0,0.04412182900598799,0.0,0.0,0.0,0.014510679897602477,0.064777226,0.07542262285145927,0.0,0.0,0.0,0.0,0.1877129,0.2177728852506255,0.059786016,0.15066356276237974,0.011067466,0.036568826570651594,0.0,0.0,0.00119355,0.0010689775628848965,0.0,0.0,0.0,0.018312909563518637,0.0,1.8143252702210156e-05,0.036674543,0.029861831906151708,0.0,0.0,0.0,0.00013158870548676555,0.014214098,0.016925645751653704,0.19628476,0.4420684909406588,0.115991381,0.136413021874153,0.41472696,11.075801637143323,54.95272024,54.07742765541707,47.06975531,36.753957742488964,12.03608303,10.600273370955975
PC-BF-BO-BU-BA-BP-CA-FP-CG-CC-DL-DF,32,0.028952329,0.11718178250223443,0.0,0.0017577136530288438,0.0,0.0039625121249908125,0.396607248,0.23701994277785854,0.323433211,0.18399077068294417,0.0,0.057562986721921075,0.0,0.01137746600807979,0.0,0.013061477713382508,0.064250374,0.06583533822276047,0.0,0.000977353798382726,0.0,0.0,0.067423232,0.08822323850054903,0.144761646,0.13479702020869067,0.008527056,0.04868649011427335,0.0,0.0,0.000396607,0.0014501149208670152,0.0,0.0,0.0,0.20869583459410612,0.0,6.860473092346303e-05,0.031926883,0.02915333062753488,0.0,0.0,0.0,0.0,0.014872772,0.017822757069088882,0.252440513,0.38629249456470693,0.123344854,0.13802148987911617,1.63867416,11.76799345189379,65.2522112,55.9544723984998,52.73987816,39.792068763671566,11.26604922,12.421134279739542
PC-BF-BO-BU-BA-BP-CA-FP-CG-CC-DL-DF,48,0.034804144,0.07359793608385293,0.0,0.0011232764279133544,0.0,0.0,0.4375,0.28456108984926237,0.340763007,0.22179605122920654,0.0,0.06371963211813864,0.0,0.038363155468997906,0.0,0.0034192991694483726,0.054786751,0.06295372496292644,0.0,0.0009231335649922212,0.0,0.0,0.026599365,0.05141984544701467,0.097531004,0.08560655771770595,0.003308379,0.04525072378726031,0.0,0.0,0.000926346,0.0009461646288586186,0.0,0.0,0.0,0.2842821427826426,0.0,1.477232144597631e-05,0.062329855,0.04637930417514387,0.0,0.0,0.0,0.0,0.00926346,0.019194056829980516,0.157346491,0.2568815573236629,0.229336812,0.13872364220962313,1.41900256,11.602593758297088,62.52077468,51.1882696845523,59.88472601,41.33969763048322,16.39035763,14.599204925392769
PC-BV-BF-BO-BT-BU-DP-CA-EL-FP-BH-CG-DF,0,0.000507692,0.0005076919982564688,0.0,0.0,0.000507692,0.0005076919938397229,0.000507692,0.0005076919949731152,0.000507692,0.0005076919858800263,0.000507692,0.0005076919918407294,0.0,0.0,0.0,4.569619259809504e-12,0.000507692,0.000507691994853716,0.000507692,0.0005076919948419613,0.0,0.0,0.0,1.3830830469623023e-12,0.0,1.7899060597396932e-12,0.000507692,0.0005076920000496257,0.000507692,0.0005076919975115854,0.000507692,0.0005076920135190512,0.0,0.0,0.0,0.0,0.000507692,0.0005076920060903934,0.000507692,0.000507691996962843,0.0,5.5566312998339e-12,0.0,0.0,0.0,6.627025696866878e-12,0.0,6.0900955231504156e-12,0.000507692,0.0005076919994807263,0.0,0.0,0.0,0.0,28.0,28.0,0.0,0.0
PC-BV-BF-BO-BT-BU-DP-CA-EL-FP-BH-CG-DF,16,0.069224739,0.24097735762721798,0.0,0.005561163816417383,0.060785479,0.04621556397149322,0.279065792,0.30882926521294574,0.184067098,0.18056208268357316,0.410444539,0.299460985623831,0.0,0.0,0.0,0.04723413254027388,0.054284968,0.09063538879195293,0.007184775,0.007170866953338972,0.0,0.012965776056668528,0.0,0.010934538526308879,0.0,0.0334167073534026,0.009807788,0.12095754021686267,0.000456176,0.0026831345408445074,0.000456176,0.0011450081502969419,0.0,0.03385396751459506,0.0,0.10316655071015655,0.00057022,0.0011916456387897883,0.028282925,0.03342372395238516,0.0,0.028734859846337224,0.0,0.0009714704878732191,0.0,0.004062576209392533,0.0,0.02529162152762615,0.233790304,0.2955496421018462,0.33745208,10.551299433517833,32.86065956,41.194145769406,29.64063906,29.885336982443448,23.46354115,23.26398613116141
PC-BV-BF-BO-BT-BU-DP-CA-EL-FP-BH-CG-DF,32,0.193133381,0.18788310211859982,0.0,0.004178670144576992,0.014977691,0.03133942257914688,0.204845259,0.211538500229714,0.097636525,0.12382467485278731,0.331423638,0.2404833019586197,0.0,0.02255166938044942,0.0,0.042361536037406694,0.042230331,0.06854231666882452,0.00641901,0.005562887397982705,0.0,0.007756569784719887,0.0,0.0,0.0,0.03901128734280903,0.012049721,0.114691071650283,0.001238756,0.006557092248712277,0.000563071,0.0017584872790306506,0.0,0.07334052665468735,0.0,0.1954490899907006,0.000900914,0.0012220689200828994,0.028941854,0.027781281183641798,0.0,0.011283772700766692,0.0,0.0006201816928909572,0.0,0.003921791324518238,0.0,0.03519091417572387,0.329734425,0.2993893874819147,2.12533888,9.173107421673755,45.48051108,42.463872598977666,42.92767758,33.706162468206614,32.81205162,27.86807308341494
PC-BV-BF-BO-BT-BU-DP-CA-EL-FP-BH-CG-DF,48,0.137762949,0.1720297826820637,0.0,0.0032603452729790304,0.012385812,0.022273851591442646,0.276110135,0.22377145179919922,0.098852803,0.13816834197410063,0.441449043,0.28445265529592,0.0,0.037460969796568655,0.0,0.05135518106225491,0.02710857,0.07044092179124313,0.002336946,0.003930618202029329,0.0,0.004343519845230971,0.0,0.0,0.0,0.031858520031784264,0.004440197,0.12028741344792673,0.002220098,0.008940816362412753,0.000701084,0.0014825143689592229,0.0,0.08434503978868668,0.0,0.22412416260551937,0.000350542,0.001139400568170216,0.041363939,0.04206292689574628,0.0,0.003668590934306326,0.0,0.0003872304417692799,0.0,0.003744685156604177,0.0,0.004111899487807075,0.324134369,0.3299403329383233,1.95135944,8.301745774104406,40.34100172,40.2256179309818,41.52855125,34.94006985336982,33.82210625,32.37600908891679
PC-PJ-BF-BC-BU-DP-CA-EL-FP-CH-AC-CG,0,0.00055,0.0005499999973493891,0.00055,0.0005500000073461172,0.0,6.8998576925778654e-12,0.00055,0.0005499999915193328,0.0,2.154380731970995e-12,0.0,0.0,0.00055,0.0005499999944579109,0.0,4.569619259809504e-12,0.00055,0.0005500000005133842,0.00055,0.0005499999888875544,0.0,0.0,0.0,1.3830830469623023e-12,0.0,1.7899060597396932e-12,0.00055,0.0005499999959893743,0.00055,0.0005500000024780106,0.00055,0.0005500000151354112,0.00055,0.0005499999968061884,0.00055,0.0005499999977587338,0.0,0.0,0.00055,0.0005499999978158656,0.0,5.5566312998339e-12,0.0,0.0,0.0,6.627025696866878e-12,0.0,6.0900955231504156e-12,0.0,0.0,0.0,0.0,0.0,0.0,28.0,28.0,0.0,0.0
PC-PJ-BF-BC-BU-DP-CA-EL-FP-CH-AC-CG,16,1.186166369,0.6108259321633387,0.026788119,0.02013927025389982,0.0,0.007091143806364591,0.385979343,0.295235609199788,0.0,0.06808680235987738,0.0,0.0,0.513871006,0.36104558499404066,0.0,0.06060176272083139,0.09879919,0.12159561655395865,0.009217417,0.009074430480422727,0.0,0.015530492610483393,0.0,0.08968081095577579,0.0,0.047042267075052366,0.08266871,0.06513887687817276,0.0,0.002795077660274944,0.001152177,0.0015216410480892503,0.12904384,0.07625187414094242,0.110609006,0.21067069838158375,0.0,0.0,0.038597934,0.03413523446851598,0.0,0.0,0.0,0.000954262044061856,0.0,0.010588648707273444,0.0,0.048042475302088314,0.0,0.061309700644222906,14.5200264,24.909227139129417,48.8072422,37.597322806328734,25.82883666,18.488277741650418,31.83840765,21.281623934635242
PC-PJ-BF-BC-BU-DP-CA-EL-FP-CH-AC-CG,32,0.591110171,0.394352498710602,0.020942526,0.014725087379239572,0.0,0.0,0.251605278,0.19547794479161268,0.0,0.05717274382852306,0.0,0.0,0.479318378,0.28881415044680325,0.0,0.03434430533524767,0.092029128,0.07992510533526312,0.00973385,0.005939869760610606,0.0,0.007668079137521186,0.0,0.039562646622373875,0.0,0.029886425658812592,0.213554773,0.0702746057936659,0.001179861,0.00776979686568563,0.000294965,0.0025039801216215603,0.366936653,0.1739111216014761,0.448052071,0.4473004574650463,0.0,0.0,0.035690784,0.020963846454373162,0.0,0.0,0.0,0.0006795218111830096,0.0,0.010478244286933355,0.0,0.021606524722112747,0.0,0.058130612115142186,14.92650208,28.853717002817845,43.7177472,34.49436582093334,24.53021794,15.200323553959972,38.11791192,25.414283644704987
PC-PJ-BF-BC-BU-DP-CA-EL-FP-CH-AC-CG,48,0.606966561,0.3173595303030249,0.018450106,0.011286743393822492,0.0,0.0,0.224126858,0.19681110836763716,0.0,0.07266738066979449,0.0,0.0,0.414917728,0.2951881696078632,0.0,0.024120073883793225,0.074848726,0.07958726793236628,0.004612527,0.0039028627082061855,0.0,0.004176183059176116,0.0,0.030499183882820007,0.0,0.016250834245663856,0.059962845,0.08370832273579827,0.000628981,0.013122111248849436,0.000419321,0.0021547630535937693,0.292476115,0.19300105703390644,0.497523885,0.5282206155364962,0.0,0.0,0.04235138,0.02395788972314963,0.0,0.0,0.0,0.000528623975043657,0.0,0.013146887862184809,0.0,0.0,0.0,0.06674946508743877,16.75571272,33.37646117097745,37.07129028,29.547786315230884,24.50966083,11.696051508691127,40.83159939,29.788750976025234
PC-PJ-BF-BO-BU-DP-BA-EL-CH-BH-CG,0,0.0006,0.0005999999941583257,0.0006,0.0006000000024330034,0.0,6.8998576925778654e-12,0.0006,0.0005999999947840867,0.0006,0.0006000000147560669,0.0,0.0,0.0,0.0,0.0,4.569619259809504e-12,0.0006,0.0006000000007822834,0.0006,0.0005999999948330911,0.0,0.0,0.0006,0.0006000000022092643,0.0,1.7899060597396932e-12,0.0,1.1615850425625296e-12,0.0006,0.0005999999937854397,0.0,3.99307887102851e-12,0.0006,0.0005999999969266447,0.0,0.0,0.0006,0.0006000000009001312,0.0006,0.0006000000028647126,0.0,5.5566312998339e-12,0.0,0.0,0.0,6.627025696866878e-12,0.0,6.0900955231504156e-12,0.0,0.0,0.0,0.0,0.0,0.0,28.0,28.0,0.0,0.0
PC-PJ-BF-BO-BU-DP-BA-EL-CH-BH-CG,16,0.131269134,0.5930824680230442,0.020797325,0.017717424500756834,0.0,0.01719607138646893,0.28322378,0.361181667101101,0.234696689,0.3133557762192276,0.0,0.0,0.0,0.0,0.0,0.08655202727142981,0.154190917,0.1356985659702092,0.012970374,0.009470653614993926,0.0,0.019523369504243732,0.184156954,0.17600472582331195,0.0,0.010889104518476182,0.0,0.018056214981046377,0.004360729,0.0007519795232470963,0.0,0.0005909080439920739,0.156427188,0.12144939927984982,0.0,0.048767930076362084,0.002124458,0.0008534135404990624,0.03287319,0.042546450720977985,0.0,0.0,0.0,0.0013778697229687156,0.0,0.008870480476984868,0.0,0.07487265081081759,0.0,0.0,0.42151304,8.912273920359134,44.91579088,49.23522378974166,41.56161848,32.02960145694399,12.15813301,20.400440856170576
PC-PJ-BF-BO-BU-DP-BA-EL-CH-BH-CG,32,0.145062239,0.4138679243682775,0.024643103,0.016553364575468642,0.0,0.005773319957633418,0.220389739,0.2569540172031972,0.205359193,0.2449775507087128,0.0,0.0,0.0,0.0,0.0,0.08284421139103225,0.109408387,0.0901079510895871,0.006641404,0.0063072075906162005,0.0,0.01120577434019315,0.159568463,0.08874107593081947,0.0,0.018776743471299023,0.0,0.025088608393526363,0.003320702,0.00044989807832689077,0.0,0.000839566890054073,0.354616003,0.22172024845734062,0.0,0.1960691288046782,0.001223416,0.0009378661298830679,0.03652772,0.035901398560104075,0.0,0.0,0.0,0.0010011516872437615,0.0,0.007630431075649429,0.0,0.07315753738230099,0.0,0.0,1.00029792,9.45581473854789,52.66086164,49.20249265440576,40.3873738,33.96529844928191,14.24384781,24.83952084840066
PC-PJ-BF-BO-BU-DP-BA-EL-CH-BH-CG,48,0.20420338,0.33808268701278144,0.025470529,0.01553152558709579,0.0,0.003314911426035185,0.282151981,0.27891761161211015,0.327823275,0.30098815078775565,0.0,0.0,0.0,0.0,0.0,0.10286036163527842,0.089476212,0.08583923028149407,0.005379551,0.004026208372509676,0.0,0.006672387533295434,0.09463619,0.07294225523228236,0.0,0.015356960101015367,0.0,0.031096811994039582,0.003183816,0.0042120608966028416,0.0,0.0007065212647513108,0.363723547,0.21467636522251637,0.0,0.2820757886590075,0.001427228,0.0008926429805045384,0.055112955,0.05434062832683151,0.0,0.0,0.0,0.0008583824991651226,0.0,0.008397839046219789,0.0,0.02561006752450297,0.0,0.0,1.23614632,11.683166631709822,53.4985608,44.15181532288406,41.10292892,32.33410876757109,19.31841484,28.749214066600228
PC-PJ-BF-BT-BC-BY-DP-BL-BA-FP-AC-BH-RI-CC-DL-DF,0,0.0004125,0.0004124999984173235,0.0004125,0.00041250000142657674,0.0,6.8998576925778654e-12,0.0004125,0.0004125000068337506,0.0,2.154380731970995e-12,0.0004125,0.0004124999931994274,0.0004125,0.0004124999971234376,0.0004125,0.00041249999890743293,0.0,1.3394473410196367e-11,0.0004125,0.00041250000339486284,0.0004125,0.0004125000025310835,0.0004125,0.00041250000577150176,0.0,1.7899060597396932e-12,0.0,1.1615850425625296e-12,0.0,3.187198606164482e-12,0.0004125,0.00041250000064787184,0.0,0.0,0.0004125,0.00041249999861657906,0.0004125,0.00041249999726239233,0.0,5.315233387974405e-12,0.0,5.5566312998339e-12,0.0004125,0.0004124999973366244,0.0004125,0.0004124999950928624,0.0004125,0.00041250000566426604,0.0004125,0.0004124999966703553,0.0,0.0,0.0,0.0,28.0,28.0,0.0,0.0
PC-PJ-BF-BT-BC-BY-DP-BL-BA-FP-AC-BH-RI-CC-DL-DF,16,0.02538762,0.14178413925386874,0.014711801,0.010994875568740608,0.0,0.0,0.161699613,0.20471773064607415,0.0,0.0,0.1784945,0.16086656346219255,0.34761511,0.3207944898526019,0.085666945,0.07892785479954197,0.0,0.0,0.009634276,0.002520767160326727,0.010285241,0.01203995934681955,0.243200384,0.14480852557772386,0.0,0.003052456787205289,0.0,0.0,0.0,0.0002824339531474903,0.002343473,0.0011725129026648848,0.0,0.019838214948476304,0.012107942,0.023134072802477798,0.000650965,0.0008410727756708815,0.0,0.0007307246027844945,0.0,0.05954706802237767,0.002473666,0.001404606732953681,0.011847556,0.014362542889360808,0.367925207,0.21712942873893348,0.231222635,0.2017965112668187,14.65557864,12.403204169609864,41.53750092,43.890748960258115,35.6978967,37.9904739749231,9.82404307,12.429314363205531
PC-PJ-BF-BT-BC-BY-DP-BL-BA-FP-AC-BH-RI-CC-DL-DF,32,0.0557399,0.12531530894977244,0.017527277,0.011984729369616283,0.0,0.0013576556924886594,0.116058998,0.17116452752418088,0.0,0.0,0.167061795,0.17493214693201134,0.26764626,0.27058575712251004,0.068845882,0.06952493381106899,0.0,0.0,0.005842426,0.0022288400858264798,0.014685016,0.005456927455530404,0.105163663,0.065912670268786,0.0,0.007560236533134944,0.0,0.0,0.0,0.0,0.002684358,0.00200332991001953,0.0,0.028103619472836433,0.107216407,0.20170106281197486,0.00094742,0.0007987962667612765,0.0,0.004832382348896507,0.0,0.06100017925434219,0.002052744,0.0009390294542685289,0.009000494,0.014204910952617006,0.145271126,0.21027084586651673,0.192957953,0.21502416428121413,15.33324056,14.964356892287984,44.41543452,47.827900422230414,37.11854845,38.68738808183586,12.4293732,15.187803839915098
PC-PJ-BF-BT-BC-BY-DP-BL-BA-FP-AC-BH-RI-CC-DL-DF,48,0.047431858,0.09594308675539776,0.012224706,0.009390767850911098,0.0,0.0,0.125792222,0.20807358470993334,0.0,0.0,0.191194397,0.2268983087021521,0.27041049,0.26407590940474834,0.065891164,0.06183309635468663,0.0,0.0,0.004034153,0.0013222342175088862,0.009046282,0.0029447018607106114,0.033495694,0.04454308049913203,0.0,0.0,0.0,0.0,0.0,0.0,0.001100224,0.0016614504402986479,0.0,0.04670440767520924,0.228724244,0.23540629985983144,0.000244494,0.0005854733789306312,0.0,0.004787160514005483,0.0,0.05396277653753277,0.000733482,0.000791769113491944,0.0083128,0.013294335221858565,0.13166008,0.15862848207585079,0.236914797,0.2257763270497571,15.81535592,16.454575507544195,44.52826036,44.96869325478607,37.91395019,37.74505814162552,13.1082371,17.794328727566427
PC-PJ-BF-BU-DP-BA-CA-FP-CH-AC-RI-CC-DL,0,0.000507692,0.0005076919982564688,0.000507692,0.000507691997544452,0.0,6.8998576925778654e-12,0.000507692,0.0005076919949731152,0.0,2.154380731970995e-12,0.0,0.0,0.0,0.0,0.0,4.569619259809504e-12,0.000507692,0.000507691994853716,0.000507692,0.0005076919948419613,0.0,0.0,0.000507692,0.0005076920135450465,0.0,1.7899060597396932e-12,0.000507692,0.0005076920000496257,0.0,3.187198606164482e-12,0.000507692,0.0005076920135190512,0.000507692,0.0005076919976255273,0.000507692,0.0005076920029748665,0.0,0.0,0.0,5.315233387974405e-12,0.0,5.5566312998339e-12,0.000507692,0.00050769199805339,0.000507692,0.0005076919922652,0.000507692,0.0005076919888672755,0.0,0.0,0.0,0.0,0.0,0.0,28.0,28.0,0.0,0.0
PC-PJ-BF-BU-DP-BA-CA-FP-CH-AC-RI-CC-DL,16,0.234724258,0.4291739147123488,0.01835458,0.01377077608564387,0.0,0.0,0.412375152,0.3520773268479551,0.0,0.10081613730915867,0.0,0.0,0.0,0.0,0.0,0.0,0.096060099,0.08825924188996404,0.006162852,0.005831812440042535,0.0,0.0034228897369930214,0.331454232,0.23924111400337444,0.0,0.0,0.036843134,0.0,0.0,0.0,0.002143601,0.0015091398439853734,0.124730756,0.07346176917077929,0.031082208,0.036989491418642995,0.0,0.0,0.0,0.005951835749667941,0.0,0.0,0.00187565,0.0021777764194777674,0.013129553,0.010535703546294493,0.346191485,0.32588463137572565,0.0,0.0,13.54771312,13.98369957398259,40.25249356,48.85175380406689,31.43729931,32.25006637663826,8.71148968,12.195403822430567
PC-PJ-BF-BU-DP-BA-CA-FP-CH-AC-RI-CC-DL,32,0.21358473,0.2819174693183267,0.018061246,0.01402277776775215,0.0,0.0,0.309561349,0.26793892941721287,0.0,0.0931755314939769,0.0,0.009624891644300346,0.0,0.02407016757502639,0.0,0.0,0.075605214,0.07737009404662532,0.004830333,0.0047414239308352524,0.0,0.0,0.101016967,0.11594068775968308,0.0,0.0016846461595418846,0.023311608,0.00837982669410231,0.0,2.3460387800442253e-05,0.00189013,0.0024886511190176114,0.11613801,0.11865624634865776,0.276589075,0.22817525341661676,0.0,0.0,0.0,0.008760597586348978,0.0,0.0015677657747257545,0.001260087,0.0015295163256645815,0.010920753,0.012454017813820245,0.200353818,0.3168629836803083,0.0,0.00516432823666052,14.55722136,17.40601780311748,49.43749248,50.63503587574283,33.99626439,31.709111970194517,11.25567795,14.914924267482963
PC-PJ-BF-BU-DP-BA-CA-FP-CH-AC-RI-CC-DL,48,0.212199048,0.20965905929118273,0.013053733,0.011959815355853689,0.0,0.0,0.352349588,0.3070047347783321,0.0,0.11850781564941781,0.0,0.01605445348248981,0.0,0.037153037490900626,0.0,0.0,0.055857833,0.08110519632716379,0.002023835,0.0033635413567608963,0.0,0.0,0.036530213,0.08938658742513113,0.0,0.0,0.010017981,0.0011330092604548217,0.0,0.004929463083963609,0.001011917,0.0020087117684306436,0.16888899,0.11667221412791058,0.366820005,0.28640237301222976,0.0,0.0,0.0,0.013758306457397442,0.0,0.0,0.001517876,0.0012947849358278328,0.010321556,0.014509891337823776,0.215335992,0.22309603651227428,0.0,0.012127687091901762,18.43259864,20.38695627700371,49.28660624,45.248577305214845,35.25383196,29.931654790876404,15.95044764,17.591980219899646
PC-PJ-BO-BT-BC-BL-EL-FP-BH-CG-RI-DL,0,0.00055,0.0005499999973493891,0.00055,0.0005500000073461172,0.0,6.8998576925778654e-12,0.0,4.192022000793633e-12,0.00055,0.0005499999953174626,0.00055,0.0005500000009630577,0.00055,0.0005499999944579109,0.0,4.569619259809504e-12,0.0,1.3394473410196367e-11,0.0,6.304866568065948e-13,0.00055,0.0005500000103982168,0.0,1.3830830469623023e-12,0.0,1.7899060597396932e-12,0.0,1.1615850425625296e-12,0.00055,0.0005500000024780106,0.00055,0.0005500000151354112,0.0,0.0,0.0,0.0,0.00055,0.0005500000030057914,0.00055,0.0005499999978158656,0.0,5.5566312998339e-12,0.00055,0.0005500000009593066,0.0,6.627025696866878e-12,0.00055,0.0005499999905149087,0.0,0.0,0.0,0.0,0.0,0.0,28.0,28.0,0.0,0.0
PC-PJ-BO-BT-BC-BL-EL-FP-BH-CG-RI-DL,16,0.029069111,0.1916755464402077,0.024350099,0.023663841428081613,0.0,0.012507530921399852,0.0,0.002278789684303978,0.284650774,0.24422809449345714,0.435847902,0.2889856755425778,0.490777196,0.467871244959732,0.0,0.002363563660005119,0.0,0.008258317436508546,0.0,0.0,0.026237704,0.02621589761729537,0.0,0.0036721579327951004,0.0,0.039974855066994386,0.0,0.02806002145561285,0.003397688,0.002448449984434952,0.000943802,0.0008619252718012334,0.0,0.026181092003356013,0.0,0.06201693762757999,0.002076365,0.0015667190552289055,0.037374571,0.03639670806890562,0.0,0.013839801113641428,0.005285293,0.002543604924870549,0.0,0.00435299980237124,0.748623984,0.30537957284936035,0.0,0.0957275105721892,0.62834832,13.083232098910479,55.71169032,46.718564216355375,50.48829771,34.25106649315734,17.92295688,17.99307130565487
PC-PJ-BO-BT-BC-BL-EL-FP-BH-CG-RI-DL,32,0.03775142,0.14040437314512447,0.030405198,0.021030023138700463,0.0,0.013132105375041534,0.0,0.02371856291099314,0.197123633,0.186368275780287,0.392002586,0.2695071280475243,0.459955143,0.38142284527847736,0.0,0.002797084343612144,0.0,0.007425001416832763,0.0,0.0002238178714828857,0.036731112,0.018587965275182295,0.0,0.004347516274831972,0.0,0.020224245242840257,0.0,0.0338786305213678,0.003264988,0.006076894357749663,0.00122437,0.0015853832034939952,0.0,0.061382759877870986,0.0,0.188457159675732,0.0,0.0014323044590873512,0.047546383,0.03095748322633278,0.0,0.021419653673197397,0.003060926,0.002199668487528045,0.0,0.002607769976477844,0.394655389,0.29708248662647885,0.0,0.09183669848051837,1.54392016,14.220185907875447,58.67614632,46.21215338347298,61.19132123,35.391168425471484,19.09383594,21.794063208746714
PC-PJ-BO-BT-BC-BL-EL-FP-BH-CG-RI-DL,48,0.048812852,0.10322359050639018,0.020498835,0.017063187881430658,0.0,0.008423419552839363,0.0,0.03354548649962734,0.181414692,0.21980690249977602,0.480825805,0.34431443883540047,0.440981194,0.3706745338970081,0.0,0.0,0.0,0.0,0.0,7.248066976251995e-05,0.018064599,0.014265050707362422,0.0,0.0,0.0,0.0,0.0,0.02339821712148774,0.002306119,0.008030662673286988,0.000256235,0.0015723957469798077,0.0,0.09077203056611774,0.0,0.19151950249432773,0.001409295,0.001250844651282322,0.050222146,0.042756143089157095,0.0,0.02544034945475064,0.000512471,0.00213514078970594,0.0,0.0,0.257260383,0.23072588660009702,0.0,0.08031660444453392,1.11365816,14.25563995225031,46.4308706,42.305185483415904,54.14852064,35.54369006893076,17.9202274,25.225228355561878
PC-PJ-BO-BT-BC-BY-FP-CH-AC-ER-RI-DL-DF,0,0.000507692,0.0005076919982564688,0.000507692,0.000507691997544452,0.0,6.8998576925778654e-12,0.0,4.192022000793633e-12,0.000507692,0.0005076919858800263,0.000507692,0.0005076919918407294,0.000507692,0.000507692004417008,0.000507692,0.0005076919951885295,0.0,1.3394473410196367e-11,0.0,6.304866568065948e-13,0.0,0.0,0.0,1.3830830469623023e-12,0.0,1.7899060597396932e-12,0.0,1.1615850425625296e-12,0.0,3.187198606164482e-12,0.000507692,0.0005076920135190512,0.000507692,0.0005076919976255273,0.000507692,0.0005076920029748665,0.0,0.0,0.0,5.315233387974405e-12,0.000507692,0.0005076920125785777,0.000507692,0.00050769199805339,0.0,6.627025696866878e-12,0.000507692,0.0005076919888672755,0.000507692,0.0005076919994807263,0.0,0.0,0.0,0.0,28.0,28.0,0.0,0.0
PC-PJ-BO-BT-BC-BY-FP-CH-AC-ER-RI-DL-DF,16,0.142757394,0.19647596715379306,0.011432952,0.017051085395555776,0.0,0.005080528461242502,0.0,0.0,0.157589332,0.22585416992631407,0.195287172,0.22879963375374807,0.2828883,0.3448895968973221,0.095017097,0.09668824293750079,0.0,0.0,0.0,0.0,0.0,0.0,0.0,0.008488354693455394,0.0,0.0,0.0,0.0,0.0,0.0005383104463025463,0.001699493,0.00034413682512315046,0.017921924,0.0521605929005789,0.064426227,0.1970363877922836,0.0,0.0,0.0,0.0,0.284278794,0.20843713628250105,0.001853992,0.0018702608612102519,0.0,0.0,0.458708554,0.21389739346116893,0.092854106,0.2919236414149232,25.8909152,25.766730763019417,53.29104888,37.80651573760495,19.7572139,21.18546551877163,20.45407456,19.514918561822657
PC-PJ-BO-BT-BC-BY-FP-CH-AC-ER-RI-DL-DF,32,0.137903386,0.12860089496736,0.007540041,0.013589913043068018,0.0,0.0050491816242426504,0.0,0.0,0.119846971,0.14561349359667053,0.136316009,0.19377210370425468,0.211517999,0.243442388861591,0.080162544,0.08376481187001421,0.0,0.0,0.0,0.0,0.0,0.0,0.0,0.0014859669663326094,0.0,0.0,0.0,0.0,0.0,0.0010186372447925926,0.000595266,0.0007120766752357802,0.028572788,0.10501800672323257,0.289497899,0.4256576083639363,0.0,0.0,0.0,0.0,0.219256462,0.18271722959006215,0.000992111,0.001471659048731136,0.0,0.0,0.329579171,0.197991003713884,0.106155844,0.2836268264302664,24.638498,28.677318447672977,40.8244082,35.17490322179742,19.71871152,19.229930978013112,23.03363297,22.92729127859364
PC-PJ-BO-BT-BC-BY-FP-CH-AC-ER-RI-DL-DF,48,0.098018245,0.09044513588006152,0.011393265,0.010004840625006044,0.0,0.0028829075834600915,0.0,0.0,0.152995269,0.16318891875556904,0.217737947,0.2274350869509111,0.246311532,0.19252681347959835,0.090603581,0.09038389537909752,0.0,0.0,0.0,0.0,0.0,0.0,0.0,0.0,0.0,0.0,0.0,0.0,0.0,0.0023255157274730274,0.001446764,0.0007600936187124385,0.076859325,0.13030095577619197,0.483399944,0.4104443312494134,0.0,0.0,0.0,0.0,0.270002288,0.1515767749001507,0.001085073,0.0013176595226095848,0.0,0.0,0.162580079,0.16289125961123144,0.136900022,0.27441340256724694,23.27425064,29.040469825449954,39.4122334,31.890973718418433,21.3600081,20.239388312214643,27.84103895,25.431045139099133
PC-PJ-BV-BF-BO-BT-BC-BY-BU-DP-BL-BA-BP-CA-EL-FP-CH-AC-BH-CG-ER-RI-CC-DL-DF,0,0.000264,0.0002640000001487545,0.000264,0.00026400000047404194,0.000264,0.00026399999874329597,0.000264,0.00026399999990070244,0.000264,0.0002639999999759678,0.000264,0.00026399999725503295,0.000264,0.00026400000085949826,0.000264,0.0002639999996072828,0.000264,0.0002640000018262975,0.000264,0.00026399999923679016,0.000264,0.00026399999995069387,0.000264,0.00026400000144096927,0.000264,0.00026400000303897545,0.000264,0.0002640000002411329,0.000264,0.00026399999968315196,0.000264,0.0002639999990436769,0.000264,0.00026399999920866915,0.000264,0.00026399999892326903,0.000264,0.00026399999951776207,0.000264,0.00026400000155794515,0.000264,0.0002639999997677983,0.000264,0.00026399999930798505,0.000264,0.00026400000108523343,0.000264,0.0002639999989141541,0.000264,0.000264000000166203,0.0,0.0,0.0,0.0,28.0,28.0,0.0,0.0
PC-PJ-BV-BF-BO-BT-BC-BY-BU-DP-BL-BA-BP-CA-EL-FP-CH-AC-BH-CG-ER-RI-CC-DL-DF,16,0.079923887,0.14241527912397056,0.006808331,0.009820936048487354,0.038777886,0.019601566704747282,0.13631463,0.14355575139305887,0.135574594,0.117069565610672,0.152595421,0.1442689326471503,0.251168215,0.24930291861151035,0.077703779,0.07434962531881463,0.036409771,0.045531120981337145,0.004292209,0.004116195542309924,0.005032245,0.010605265664594495,0.078443815,0.09982666945570152,0.056094728,0.08373687254531684,0.007992389,0.032450882786407294,0.000888043,0.0013044436655324644,0.0,0.0005062041885174045,0.025605245,0.046277057088954694,0.039961944,0.07156267186655231,0.000148007,0.0006039962430496351,0.013320648,0.01752697838410172,0.185008998,0.14294937855018872,0.000888043,0.0013513524459104428,0.003848187,0.009848608771998783,0.218458625,0.17017318934465814,0.117073694,0.12490842077343885,20.39894416,14.10344383057151,44.685687,45.44269589147239,29.86071626,33.08714107353997,16.86823529,16.276089432709917
PC-PJ-BV-BF-BO-BT-BC-BY-BU-DP-BL-BA-BP-CA-EL-FP-CH-AC-BH-CG-ER-RI-CC-DL-DF,32,0.102593724,0.09641678186495953,0.005984634,0.009806547889219619,0.007552038,0.016831871969092093,0.10330618,0.10920474560596903,0.094044247,0.08814115322801006,0.099173933,0.13518678126547032,0.175976735,0.2003751529482138,0.061271252,0.0701550692635264,0.022798605,0.036228991007967774,0.001424913,0.003030365914901699,0.005272177,0.006891280872894884,0.042319911,0.04179564249693142,0.039042612,0.06564287078216477,0.004132247,0.03818920492648973,0.000712456,0.002396740653311358,0.000142491,0.0007028883030699434,0.029068222,0.07607316518087805,0.234825635,0.24520680671481768,0.000284983,0.0006855946509779268,0.012539233,0.01636878760428039,0.134654263,0.12075067819832418,0.000284983,0.0009418602773633284,0.006127125,0.0099600818742314,0.225278719,0.1622936299576511,0.130522015,0.12754924755463015,21.1184672,15.720234590311696,40.78061116,46.459721611536594,31.04910717,34.286232861801125,19.13382433,18.693135474338206
PC-PJ-BV-BF-BO-BT-BC-BY-BU-DP-BL-BA-BP-CA-EL-FP-CH-AC-BH-CG-ER-RI-CC-DL-DF,48,0.061767454,0.06565367618760323,0.006946951,0.007832450110813098,0.006040827,0.010073401931091299,0.107224675,0.12529420216624879,0.1264043,0.09781880663264075,0.159477827,0.16401022253930905,0.201612594,0.18140051216234457,0.070979715,0.07128919318854733,0.025673514,0.02346440723841336,0.002869393,0.0018012602420265974,0.004077558,0.0052250358649348905,0.018424522,0.024836293618792058,0.019783708,0.03466617616611411,0.003020413,0.029211499657939417,0.001208165,0.003913025124875817,0.000151021,0.0004945834004553902,0.024616369,0.08120100352626532,0.320767902,0.2780351757521203,0.0,0.0006055901331859298,0.016310232,0.022010932915616916,0.119457349,0.09819707938058657,0.000453062,0.0008172232774131695,0.004832661,0.008539845909021406,0.098767518,0.12083315289126209,0.172465604,0.12619951815323882,21.10767488,16.65512613281443,39.55471956,42.977094845830685,31.85526791,34.43183773605503,21.95824047,20.810530365525665
PC-PJ-BV-BF-BY-BA-BP-CA-EL-BH-CG-ER-DL,0,0.000507692,0.0005076919982564688,0.000507692,0.000507691997544452,0.000507692,0.0005076919938397229,0.000507692,0.0005076919949731152,0.0,2.154380731970995e-12,0.0,0.0,0.0,0.0,0.000507692,0.0005076919951885295,0.0,1.3394473410196367e-11,0.0,6.304866568065948e-13,0.0,0.0,0.000507692,0.0005076920135450465,0.000507692,0.0005076919921827699,0.000507692,0.0005076920000496257,0.000507692,0.0005076919975115854,0.0,3.99307887102851e-12,0.0,0.0,0.0,0.0,0.000507692,0.0005076920060903934,0.000507692,0.000507691996962843,0.000507692,0.0005076920125785777,0.0,0.0,0.0,6.627025696866878e-12,0.000507692,0.0005076919888672755,0.0,0.0,0.0,0.0,0.0,0.0,28.0,28.0,0.0,0.0
PC-PJ-BV-BF-BY-BA-BP-CA-EL-BH-CG-ER-DL,16,0.049531293,0.4319026738575702,0.025983629,0.015547319358672282,0.07145498,0.046136683366244935,0.455931495,0.23925571183127342,0.0,0.0,0.0,0.006745272282427883,0.0,0.05130366188629626,0.275670067,0.15639673561006717,0.0,0.0,0.0,0.0,0.0,0.0009501795861473795,0.364176804,0.2040327261290804,0.089115728,0.19626678613238435,0.021923687,0.06424014498020313,0.002435965,0.0027479023295232754,0.0,0.0,0.0,0.0,0.0,0.0,0.001217983,0.0009893104201898445,0.047907316,0.023614721010014116,0.26775318,0.2700959604390908,0.0,0.0,0.0,0.0,0.475419217,0.30411278998343133,0.0,0.0,3.32879936,11.44908946704229,57.43033408,48.5808353823471,47.80884667,36.958008242605295,13.42747316,15.752882879262042
PC-PJ-BV-BF-BY-BA-BP-CA-EL-BH-CG-ER-DL,32,0.030903044,0.27455170336405965,0.024619853,0.019884251448018447,0.047316279,0.04053728646832648,0.25786731,0.20495750749904879,0.0,0.0,0.0,0.02974894943112212,0.0,0.04520716748720191,0.177981017,0.17262862722163952,0.0,0.008898293970217741,0.0,0.0005038251581473874,0.0,0.0,0.06962802,0.09733854563627117,0.066550539,0.15894501241888337,0.006796105,0.08025609181993618,0.003077482,0.00694663297197036,0.0,0.0,0.0,0.0,0.0,0.15808554258714133,0.001025827,0.0013101976763449674,0.031159501,0.02538798070413794,0.301721422,0.23160493493347253,0.0,1.182166107520019e-05,0.0,0.0,0.110661108,0.2957573726420897,0.0,0.0,5.72055968,12.860927320730621,60.73190436,50.95657585801486,58.21294065,37.981093658116166,16.56941755,17.01433079886909
PC-PJ-BV-BF-BY-BA-BP-CA-EL-BH-CG-ER-DL,48,0.029368321,0.19042196841877534,0.022263082,0.019446209016796834,0.035147249,0.025392714608976373,0.297567412,0.270566602677125,0.0,0.0,0.0,0.0349272060893253,0.0,0.014669423561534362,0.223672925,0.20999207324029415,0.0,0.0,0.0,0.0002444898054348552,0.0,1.304181740603011e-05,0.024631495,0.06965470225313765,0.046231422,0.09559251991287791,0.002936832,0.0797439268484683,0.004168407,0.009430888374876534,0.0,0.0,0.0,0.0,0.0,0.21453180698392682,0.000852629,0.0013278943213849634,0.05826296,0.0429547842996878,0.268767509,0.18858642491041827,0.0,0.0003425169830819267,0.0,0.0,0.020463088,0.22661442250499803,0.0,0.0,5.38280328,14.500749516890817,59.30790956,46.154977572318444,58.45139348,37.0041226393772,21.42695322,17.737612486099756
PC-PJ-BV-BO-BC-BU-BL-BA-CA-FP-CH-BH-CG-CC,0,0.000471429,0.00047142899880549597,0.000471429,0.00047142900397569406,0.000471429,0.00047142899654632287,0.0,4.192022000793633e-12,0.000471429,0.0004714290000392738,0.0,0.0,0.000471429,0.00047142899716891295,0.0,4.569619259809504e-12,0.000471429,0.0004714289991718531,0.0,6.304866568065948e-13,0.000471429,0.0004714289999108735,0.000471429,0.0004714289926153514,0.0,1.7899060597396932e-12,0.000471429,0.0004714290033436448,0.0,3.187198606164482e-12,0.000471429,0.0004714289928689822,0.000471429,0.000471429007478855,0.0,0.0,0.000471429,0.0004714290061476561,0.000471429,0.00047142899356208815,0.0,5.5566312998339e-12,0.0,0.0,0.000471429,0.00047142901393894526,0.0,6.0900955231504156e-12,0.0,0.0,0.0,0.0,0.0,0.0,28.0,28.0,0.0,0.0
PC-PJ-BV-BO-BC-BU-BL-BA-CA-FP-CH-BH-CG-CC,16,0.136739506,0.30660391698009826,0.017487113,0.016977865658291194,0.027930805,0.035172817224577275,0.0,0.0722361929069004,0.252713067,0.29366842417847144,0.0,0.053761923779070214,0.511255171,0.3507706577593576,0.0,0.04653779304646177,0.079420637,0.088186479465961,0.0,0.0032319529832011092,0.034974225,0.020234303922017367,0.230611299,0.1344293115214598,0.0,0.022751959785439764,0.008257803,0.023951783175048477,0.0,0.0003224937986416737,0.000485753,0.000998759213882272,0.05586161,0.0842286432731631,0.0,0.06282137348522875,0.001700136,0.0012854663250222637,0.028052243,0.041379105580333336,0.0,0.04877895947021048,0.0,0.0005004812260518726,0.01275102,0.023793156012680533,0.0,0.16759628115615618,0.0,0.0,0.92661464,10.03712886684158,52.14866164,53.28792493288431,39.40872032,31.97456974879326,19.5083776,18.659537966846404
PC-PJ-BV-BO-BC-BU-BL-BA-CA-FP-CH-BH-CG-CC,32,0.239417324,0.19589934317261387,0.026343074,0.01448872333540845,0.069710583,0.018421780517945845,0.0,0.055884904782867596,0.313787226,0.22073783519268503,0.0,0.06889440815065263,0.707678901,0.32810076953411127,0.0,0.03233610287202357,0.099100135,0.06321500932088636,0.0,0.0016496118545066061,0.0195333,0.014347198142671548,0.15913367,0.057930882656551136,0.0,0.02104126304585218,0.015053185,0.03437506060954256,0.0,0.0,0.000537614,0.0018039534945521608,0.067201719,0.14758762713640572,0.0,0.21164436444111795,0.005196933,0.0013715895802602347,0.033869666,0.032621744921786475,0.0,0.05972158738984605,0.0,0.0002773444447858632,0.014694776,0.02025404446035915,0.0,0.1440037561266376,0.0,0.0,1.18714288,12.394993318516523,52.10517192,51.47560080514261,35.44178056,32.16357223193485,21.84234313,22.53985217397689
PC-PJ-BV-BO-BC-BU-BL-BA-CA-FP-CH-BH-CG-CC,48,0.114279902,0.14140826277667568,0.012105052,0.011140370005341299,0.012207638,0.0066683617979425795,0.0,0.05775041458489624,0.28518683,0.26197408893617646,0.0,0.10033027003613629,0.497948516,0.3582011714933542,0.0,0.018486033403300253,0.05119001,0.05437047717720829,0.0,0.0003934146581169738,0.008924912,0.01085148987490804,0.031288483,0.036188034378411,0.0,0.007511509159169254,0.001231022,0.04059170318450824,0.0,0.0007376967611262336,0.001231022,0.001748257177109904,0.171625024,0.1610216797662211,0.0,0.2570746332749381,0.002872385,0.0014109443750641884,0.044111632,0.040629716536905974,0.0,0.06112332849141421,0.0,0.00026708042170742543,0.012617978,0.019860623261571817,0.0,0.08108056119640927,0.0,0.0,1.20981376,14.850717963730684,51.02649448,44.799340193981905,35.52887281,30.67286993872905,26.93149629,26.087670356020457
PJ-BF-BC-BU-BP-CA-EL-FP-CH-AC-CG,0,0.0,1.6211270065062677e-12,0.0006,0.0006000000024330034,0.0,6.8998576925778654e-12,0.0006,0.0005999999947840867,0.0,2.154380731970995e-12,0.0,0.0,0.0006,0.0006000000119097749,0.0,4.569619259809504e-12,0.0006,0.0006000000007822834,0.0,6.304866568065948e-13,0.0,0.0,0.0,1.3830830469623023e-12,0.0006,0.0006000000125001386,0.0006,0.0006000000125614541,0.0006,0.0005999999937854397,0.0006,0.0006000000090562558,0.0006,0.0005999999969266447,0.0006,0.000599999994629595,0.0,0.0,0.0006,0.0006000000028647126,0.0,5.5566312998339e-12,0.0,0.0,0.0,6.627025696866878e-12,0.0,6.0900955231504156e-12,0.0,0.0,0.0,0.0,0.0,0.0,28.0,28.0,0.0,0.0
PJ-BF-BC-BU-BP-CA-EL-FP-CH-AC-CG,16,0.0,0.32744988123638424,0.027646825,0.02275549588375691,0.0,0.01936163002384025,0.256033644,0.26245007379656693,0.0,0.12729802382031163,0.0,0.061174708343299904,0.886381263,0.4130879807706265,0.0,0.04221744093466923,0.197855107,0.14175636909256203,0.0,0.00152719513487853,0.0,0.0015941736216921482,0.0,0.09706325698195696,0.226223154,0.2285561913471443,0.172371946,0.08500798950753888,0.001202036,0.0030464121620550995,0.000961629,0.0015197962808799542,0.058659351,0.06534039101920983,0.461822188,0.2626177869346857,0.0,4.965078487823536e-05,0.031974155,0.02896379886737214,0.0,0.0,0.0,0.0006541392283070909,0.0,0.009976818050447095,0.0,0.11875497289483664,0.0,0.042737110456263744,39.45740456,31.238503672692843,37.1693884,42.95227869876575,7.85269575,15.49672228872479,23.93151125,19.736414466511558
PJ-BF-BC-BU-BP-CA-EL-FP-CH-AC-CG,32,0.0,0.15944233246638562,0.019535893,0.01486981902723234,0.0,0.0,0.235458915,0.18690006972922232,0.0,0.08093605073337862,0.0,0.022973499926430496,0.448502965,0.3166976308535616,0.0,0.01491827280203644,0.05901896,0.0872812185298862,0.0,0.0011113608804775668,0.0,0.0,0.0,0.038422265857134555,0.135723043,0.15581035606990568,0.166157907,0.09701028582804191,0.012955381,0.008245594496893646,0.001645128,0.002373806166264153,0.561194218,0.13570436488062926,0.380641443,0.5489327839494802,0.0,2.8264574084339595e-05,0.024676917,0.015440434758084173,0.0,0.0,0.0,0.00042279857686902266,0.0,0.009455236174747363,0.0,0.07529026554604046,0.0,0.04014491807044149,43.48798568,36.18094696802876,34.19913272,35.449451553688306,1.17199858,9.947794078985414,25.50339767,22.071526350281395
PJ-BF-BC-BU-BP-CA-EL-FP-CH-AC-CG,48,0.0,0.10887009807218652,0.01584404,0.009533380076855686,0.0,0.0,0.31593771,0.20875762352054178,0.0,0.0848203254401192,0.0,0.005615404462244886,0.417792256,0.3118215041887901,0.0,0.0,0.053756566,0.08176085534264096,0.0,0.0007115092620823037,0.0,0.0,0.0,0.024948930541927195,0.137315017,0.08970304206484274,0.180886128,0.1186354047030988,0.007356162,0.012445924430205802,0.000377239,0.001972781293370886,0.210876633,0.1407785072837524,0.475887071,0.6288421493793468,0.0,0.0,0.050738653,0.01484689745656994,0.0,0.0,0.0,0.00042223922411935007,0.0,0.01143711319702324,0.0,0.0031825085156558935,0.0,0.04183710345648935,46.92036976,40.606487062961506,31.54492808,28.571371375695527,1.04203728,6.380967462845774,28.09726323,25.195292744983472
PJ-BF-DP-BL-BA-BP-CA-EL-BH-ER-DF,0,0.0,1.6211270065062677e-12,0.0006,0.0006000000024330034,0.0,6.8998576925778654e-12,0.0006,0.0005999999947840867,0.0,2.154380731970995e-12,0.0,0.0,0.0,0.0,0.0,4.569619259809504e-12,0.0,1.3394473410196367e-11,0.0006,0.0005999999948330911,0.0006,0.0005999999877829024,0.0006,0.0006000000022092643,0.0006,0.0006000000125001386,0.0006,0.0006000000125614541,0.0006,0.0005999999937854397,0.0,3.99307887102851e-12,0.0,0.0,0.0,0.0,0.0006,0.0006000000009001312,0.0,5.315233387974405e-12,0.0006,0.0005999999862037512,0.0,0.0,0.0,6.627025696866878e-12,0.0,6.0900955231504156e-12,0.0006,0.0005999999978018569,0.0,0.0,0.0,0.0,28.0,28.0,0.0,0.0
PJ-BF-DP-BL-BA-BP-CA-EL-BH-ER-DF,16,0.0,0.17860625340204547,0.035065356,0.012600475064991574,0.0,0.01132024968853919,0.50686629,0.29402836508011326,0.0,0.0,0.0,0.03239297708022955,0.0,0.12210574650676839,0.0,0.0278536888475956,0.0,0.010260464405137733,0.005362937,0.008930070814948496,0.027777263,0.020986497699178323,0.459424925,0.21966702958512108,0.124447638,0.15891444558228468,0.017876456,0.06758977490953133,0.002475202,0.003136625708895185,0.0,0.00046783764027797395,0.0,0.03248260177042826,0.0,0.0,0.001512623,0.001275221567659828,0.0,0.0,0.161438151,0.27138975929904335,0.0,0.0011003490733317717,0.0,0.010328055247749494,0.0,0.06456111137862303,0.138061247,0.07991242819090844,3.12915312,9.157558027582613,55.42600092,44.454332219400726,55.97307267,41.856149374124094,7.07977336,11.109679445871052
PJ-BF-DP-BL-BA-BP-CA-EL-BH-ER-DF,32,0.0,0.130939926773218,0.02803756,0.016359556301090893,0.0,0.02124195739905794,0.460746264,0.2250558796430016,0.0,0.0,0.0,0.025724468732645306,0.0,0.1164290018712695,0.0,0.06423620036616652,0.0,0.027031689603947667,0.006331062,0.006801698834822565,0.012403713,0.010166954880455806,0.217711008,0.1132950706478518,0.210863125,0.1336784934396229,0.020156034,0.07588082623798535,0.002454902,0.007804705255214957,0.0,0.00029773469313215185,0.0,0.0634806956570794,0.0,0.06921112609053162,0.001162848,0.0014790964783582814,0.0,0.0007659908989379356,0.162540325,0.23066726813659794,0.0,0.0003190142656139209,0.0,0.014344754171391128,0.0,0.06865669374156042,0.184763645,0.10885173187300295,3.638734,11.88756974925884,61.89092628,48.87381155805026,59.43125642,42.87248334261028,7.21676762,11.70905655692937
PJ-BF-DP-BL-BA-BP-CA-EL-BH-ER-DF,48,0.0,0.09903482577910996,0.03052718,0.01464275572883168,0.0,0.015034975336276348,0.591145051,0.2677557250805339,0.0,0.0,0.0,0.0,0.0,0.11317542519373346,0.0,0.08057637664436793,0.0,0.01554663177835722,0.004492294,0.004393611123903613,0.008984588,0.00597896801411278,0.041553719,0.09012083464739512,0.098217882,0.07886777325602967,0.002348245,0.0633036856941838,0.002858733,0.00958506046969127,0.0,0.0,0.0,0.0548381385748199,0.0,0.11591122261320072,0.001735659,0.0013675567606441703,0.0,0.0006562158190781854,0.163049853,0.19339367191843104,0.0,0.0,0.0,0.014008599588990249,0.0,0.040854256969651837,0.277603349,0.11823749745994336,4.4250316,14.837806868970826,62.81001008,45.20731955531267,62.0930627,40.528000901954954,10.3376641,12.594191938303645
PJ-BO-BT-BC-BY-BU-BL-BP-FP-AC-BH-CG-RI-DF,0,0.0,1.6211270065062677e-12,0.000471429,0.00047142900397569406,0.0,6.8998576925778654e-12,0.0,4.192022000793633e-12,0.000471429,0.0004714290000392738,0.000471429,0.00047142900378982576,0.000471429,0.00047142899716891295,0.000471429,0.00047142900595774676,0.000471429,0.0004714289991718531,0.0,6.304866568065948e-13,0.000471429,0.0004714289999108735,0.0,1.3830830469623023e-12,0.000471429,0.00047142901250120807,0.0,1.1615850425625296e-12,0.0,3.187198606164482e-12,0.000471429,0.0004714289928689822,0.0,0.0,0.000471429,0.00047142899909853814,0.000471429,0.0004714290061476561,0.000471429,0.00047142899356208815,0.0,5.5566312998339e-12,0.000471429,0.00047142900649561003,0.0,6.627025696866878e-12,0.0,6.0900955231504156e-12,0.000471429,0.0004714290064151635,0.0,0.0,0.0,0.0,28.0,28.0,0.0,0.0
PJ-BO-BT-BC-BY-BU-BL-BP-FP-AC-BH-CG-RI-DF,16,0.0,0.0,0.024338767,0.020657899475843393,0.0,0.018471482373654237,0.0,0.0,0.135374447,0.19669687164604727,0.456709797,0.30641062606344927,0.413759032,0.4835043115564999,0.144282754,0.10589310453059808,0.053927071,0.08316921015239097,0.0,0.0,0.011930768,0.004720851743066138,0.0,0.000988885658447347,0.153986445,0.14834641295504647,0.0,0.04232507074798032,0.0,0.001172139528140961,0.003022461,0.001071011221308922,0.0,0.017633848362495153,0.193278441,0.23476830176785807,0.000477231,0.0007559917148680616,0.037383073,0.027985568240360144,0.0,0.014417298164660086,0.002068,0.0020644514099045605,0.0,0.009906569609639402,0.0,0.06733603016601192,0.260727049,0.31307537994079315,26.39078416,25.46605958139222,27.39044236,41.656646724193195,18.96005362,24.07778686643114,15.10007136,17.52343539482043
PJ-BO-BT-BC-BY-BU-BL-BP-FP-AC-BH-CG-RI-DF,32,0.0,0.0,0.018850547,0.013881965145895311,0.0,0.010168314115762453,0.0,0.0,0.083718607,0.10841480767355904,0.36795529,0.2222443782001452,0.29809738,0.35019254069851957,0.118462753,0.07188830221289445,0.035298574,0.04845890359261906,0.0,0.0,0.007946799,0.002585148276187341,0.0,0.0,0.101645108,0.09924092034241577,0.0,0.04245958921355425,0.0,0.0021981043818510063,0.002032902,0.0019837772469884444,0.0,0.04899927601191404,0.474405439,0.484515583862748,0.000369619,0.0006374203762027666,0.030123914,0.018675345682345138,0.0,0.003956112588449703,0.002032902,0.0012879642663159896,0.0,0.004621117045555007,0.0,0.06906984474857635,0.31620869,0.2928711574566902,29.4261592,28.762035874623535,35.39487544,36.65804305384623,28.0810812,21.601438346487377,17.66094188,19.383123328676263
PJ-BO-BT-BC-BY-BU-BL-BP-FP-AC-BH-CG-RI-DF,48,0.0,0.0,0.015390861,0.008625242355190708,0.0,0.006725715713145963,0.0,0.0,0.050966458,0.09935183285487137,0.337085091,0.23625314820051252,0.218499767,0.31051015720465736,0.105212936,0.06691091733742877,0.018040108,0.034679777434167676,0.0,0.0,0.004289256,0.00165529073360632,0.0,0.0,0.067240402,0.05263579476016794,0.0,0.03722759767612322,0.0,0.0033541517704336666,0.001892319,0.0018555972866211926,0.0,0.07476253768875799,0.639982286,0.5144815495026553,0.000252309,0.00047988721551361175,0.028637094,0.020609315710295933,0.0,0.0,0.002018474,0.0009040992551324807,0.0,0.000654465118423958,0.0,0.053075424451500625,0.226573662,0.288791667874704,29.7564988,30.37893517592862,32.32122628,32.43294952574101,28.79842083,20.52043453469609,19.27613052,21.826892875754606
PJ-BO-BT-BC-CA-EL-FP-AC-BH-ER-RI,0,0.0,1.6211270065062677e-12,0.0006,0.0006000000024330034,0.0,6.8998576925778654e-12,0.0,4.192022000793633e-12,0.0006,0.0006000000147560669,0.0006,0.0006000000118643299,0.0006,0.0006000000119097749,0.0,4.569619259809504e-12,0.0,1.3394473410196367e-11,0.0,6.304866568065948e-13,0.0,0.0,0.0,1.3830830469623023e-12,0.0,1.7899060597396932e-12,0.0006,0.0006000000125614541,0.0006,0.0005999999937854397,0.0006,0.0006000000090562558,0.0,0.0,0.0006,0.000599999994629595,0.0006,0.0006000000009001312,0.0,5.315233387974405e-12,0.0006,0.0005999999862037512,0.0006,0.0006000000022766455,0.0,6.627025696866878e-12,0.0,6.0900955231504156e-12,0.0,0.0,0.0,0.0,0.0,0.0,28.0,28.0,0.0,0.0
PJ-BO-BT-BC-CA-EL-FP-AC-BH-ER-RI,16,0.0,0.12079303109906912,0.043091977,0.025669009636218865,0.0,0.018089763445409038,0.0,0.018626511583479027,0.143868831,0.2949872903585731,0.657367247,0.33267284205761116,0.47487015,0.4946876165335743,0.0,0.0,0.0,0.0,0.0,0.0,0.0,0.006772651537499743,0.0,0.018852160271282947,0.0,0.06680706980989284,0.112794537,0.1093688694976167,0.009957509,0.004010512078942705,0.001373449,0.0011856761548902652,0.0,0.026011215321687077,0.251512932,0.24735200193259324,0.000858406,0.0011867635694305773,0.0,0.000919076803905277,0.46611441,0.31650438375888584,0.00429203,0.0026834253224463913,0.0,0.008006943674767836,0.0,0.0,0.0,0.18731592301323757,32.55875856,32.59066217202341,4.33959844,30.03084865118341,17.4506698,15.373758566531524,19.94146766,22.352050210638325
PJ-BO-BT-BC-CA-EL-FP-AC-BH-ER-RI,32,0.0,0.05552573802736728,0.033684762,0.01957110941979954,0.0,0.010235607087868007,0.0,0.005405254494473016,0.087829899,0.1921014751474895,0.676938968,0.24501284202475065,0.308901748,0.35375154559587707,0.0,0.0,0.0,0.0042160659017468904,0.0,0.0,0.0,0.004873252923397806,0.0,0.013976275650793565,0.0,0.02877991803708177,0.179153033,0.11844387337064888,0.054394654,0.011901584287185876,0.001247584,0.0023847730965302454,0.0,0.09627132288101692,0.458611803,0.4519754671428307,0.002245651,0.0011872969154442087,0.0,0.0,0.217079581,0.25016217135948815,0.001996134,0.002017947850071632,0.0,0.00953807690404001,0.0,0.009820562561923166,0.0,0.18554095499745113,42.33500032,36.55909103826396,8.59106332,23.95921058583026,11.44120067,10.272061294638323,29.89976432,25.103607095046883
PJ-BO-BT-BC-CA-EL-FP-AC-BH-ER-RI,48,0.0,0.0351558359288858,0.022682787,0.014024639836988918,0.0,0.007075408867615358,0.0,0.0,0.043179281,0.2119603112735993,0.735004272,0.26450736778407496,0.184058515,0.3188581303876066,0.0,0.0,0.0,0.0017775107173233218,0.0,0.0,0.0,0.004295548371880544,0.0,0.010099007016274957,0.0,0.004827579655256122,0.079936326,0.1281025383806459,0.092780796,0.015505189347800204,0.001093146,0.002304668830023178,0.0,0.1201070574785939,0.365657451,0.41572908060597386,0.001093146,0.0010435709478390349,0.0,0.0,0.168617823,0.19883457473754906,0.00040993,0.0017091770519001574,0.0,0.009360769075943742,0.0,0.008026744339951083,0.0,0.17348469041414238,44.88809064,38.14658456224003,8.75462848,19.818461599421973,3.79370718,8.899498797810388,28.27884905,27.8424583168038
PJ-BV-BF-BO-BU-DP-BL-CA-EL-FP-CH-AC,0,0.0,1.6211270065062677e-12,0.00055,0.0005500000073461172,0.00055,0.0005499999964643416,0.00055,0.0005499999915193328,0.00055,0.0005499999953174626,0.0,0.0,0.0,0.0,0.0,4.569619259809504e-12,0.00055,0.0005500000005133842,0.00055,0.0005499999888875544,0.00055,0.0005500000103982168,0.0,1.3830830469623023e-12,0.0,1.7899060597396932e-12,0.00055,0.0005499999959893743,0.00055,0.0005500000024780106,0.00055,0.0005500000151354112,0.00055,0.0005499999968061884,0.00055,0.0005499999977587338,0.0,0.0,0.0,5.315233387974405e-12,0.0,5.5566312998339e-12,0.0,0.0,0.0,6.627025696866878e-12,0.0,6.0900955231504156e-12,0.0,0.0,0.0,0.0,0.0,0.0,28.0,28.0,0.0,0.0
PJ-BV-BF-BO-BU-DP-BL-CA-EL-FP-CH-AC,16,0.0,0.24662956953704446,0.036177855,0.017101577994183374,0.085081589,0.03759529371529044,0.413045661,0.3607525793536969,0.548667167,0.3581522663690442,0.0,0.047462941968482886,0.0,0.08161654787984274,0.0,0.018654774899383955,0.201796075,0.12814745666658586,0.03036031,0.011600189893492409,0.041631803,0.030964751860110606,0.0,0.036424127492954705,0.0,0.008126745820294753,0.128349576,0.09332332785325749,0.000908991,0.0026209079629272635,0.003999562,0.0016704949451783288,0.24433687,0.12533436842783796,0.198523707,0.14450857067492467,0.0,0.0002919274567259054,0.0,0.013491651734931769,0.0,0.017269808083663338,0.0,0.0011677684710913153,0.0,0.0008035500878193821,0.0,0.09176266145572644,0.0,0.056934689215941636,16.26853992,18.34979769996975,32.2801242,42.28486853571415,24.43264494,21.756846610033257,18.76508063,22.722912789956812
PJ-BV-BF-BO-BU-DP-BL-CA-EL-FP-CH-AC,32,0.0,0.12734923734586256,0.024794691,0.014060845305083232,0.033324065,0.017001661468715762,0.294759286,0.24212506739110312,0.32570306,0.26451141724733623,0.0,0.014341579910876132,0.0,0.07911316473324936,0.0,0.010322423334508474,0.10989007,0.09174646837752624,0.010909664,0.007391497986984349,0.01924068,0.019722990369466502,0.0,0.022526677414434784,0.0,0.0,0.179513562,0.08875400347324039,0.000595073,0.007295069417599479,0.003570435,0.003062154113604,0.401277278,0.2698410236136659,0.535763682,0.32184819575807366,0.0,0.0003287864250345647,0.0,0.005766257015487837,0.0,0.0,0.0,0.0006225827431125035,0.0,0.003338072386014381,0.0,0.10609078076145333,0.0,0.06703832357858518,16.6114472,21.732129452549003,38.97706828,40.37823368808291,21.85873969,19.40466586440431,30.2689755,26.068699491765386
PJ-BV-BF-BO-BU-DP-BL-CA-EL-FP-CH-AC,48,0.0,0.08475551345838568,0.018799455,0.011624158355211422,0.029518443,0.009339332927114665,0.382420497,0.2555049468234857,0.590368857,0.3190820399954528,0.0,0.0,0.0,0.0914300754604995,0.0,0.0,0.081629213,0.09413198154686009,0.005112133,0.004679186598009961,0.014346953,0.014353088038242253,0.0,0.020700388413649018,0.0,0.0,0.062499943,0.08983491584833596,0.000824538,0.012567357296320764,0.003627965,0.0029283634529700406,0.22575837,0.2832561873271804,0.513686869,0.37604342796556633,0.0,0.0001647416060170712,0.0,8.14072559154333e-05,0.0,0.0,0.0,0.0003259527111527386,0.0,0.005437266368687674,0.0,0.06346706465607993,0.0,0.08295865843882236,19.3691828,26.114570681609077,38.198871,35.26040194268196,21.70924895,15.80372303381196,37.32141271,29.253138816965908
PJ-BV-BF-BT-BC-BY-BU-CH-AC-RI-DF,0,0.0,1.6211270065062677e-12,0.0006,0.0006000000024330034,0.0006,0.0005999999883622173,0.0006,0.0005999999947840867,0.0,2.154380731970995e-12,0.0006,0.0006000000118643299,0.0006,0.0006000000119097749,0.0006,0.0005999999949021212,0.0006,0.0006000000007822834,0.0,6.304866568065948e-13,0.0,0.0,0.0,1.3830830469623023e-12,0.0,1.7899060597396932e-12,0.0,1.1615850425625296e-12,0.0,3.187198606164482e-12,0.0,3.99307887102851e-12,0.0006,0.0005999999969266447,0.0006,0.000599999994629595,0.0,0.0,0.0,5.315233387974405e-12,0.0,5.5566312998339e-12,0.0006,0.0006000000022766455,0.0,6.627025696866878e-12,0.0,6.0900955231504156e-12,0.0006,0.0005999999978018569,0.0,0.0,0.0,0.0,28.0,28.0,0.0,0.0
PJ-BV-BF-BT-BC-BY-BU-CH-AC-RI-DF,16,0.0,0.0023337416799985022,0.019630402,0.016752231010586358,0.023235986,0.04135272496346343,0.228153343,0.21810825999617478,0.0,0.011050271609102963,0.290249511,0.3236519300052667,0.575691577,0.35300436217668435,0.166057174,0.12122331831670645,0.095347666,0.0776575225841846,0.0,0.000850198703073954,0.0,0.0,0.0,0.0,0.0,0.0,0.0,0.023327959582940854,0.0,0.0008812395941902739,0.0,0.0,0.104361626,0.0782123772970027,0.274224694,0.22216098541010848,0.0,3.6782500987519334e-05,0.0,0.0,0.0,0.04448369288954321,0.004807445,0.0027312747729240196,0.0,0.0,0.0,0.0,0.365966775,0.3780054445741471,21.73576104,23.711870905838673,45.05355692,37.73889351758624,14.87206769,19.646414899781455,25.32429628,24.030031011591532
PJ-BV-BF-BT-BC-BY-BU-CH-AC-RI-DF,32,0.0,0.007732551897062789,0.012727646,0.012416870672859614,0.014474578,0.021377823603635868,0.124281719,0.14753124537562678,0.0,0.0,0.189167757,0.25397892132713984,0.295730597,0.25387864042130465,0.086597905,0.095603578288148,0.062390421,0.04300212024764661,0.0,0.00039914175790957537,0.0,0.0,0.0,0.0,0.0,0.0,0.0,0.017196701859698682,0.0,0.0015144407986894823,0.0,0.0,0.098077742,0.1566550515860046,0.576986615,0.4074619191173608,0.0,0.0001225202907327522,0.0,0.0,0.0,0.02227788004764246,0.00449211,0.0021788658582144,0.0,0.0,0.0,0.0,0.474915886,0.38545130222746915,21.9788744,25.847253941035966,35.78539248,34.28090476126985,14.47707512,18.158672544535023,27.94354902,27.458490833322408
PJ-BV-BF-BT-BC-BY-BU-CH-AC-RI-DF,48,0.0,0.017037784829224675,0.009787272,0.009080949585766976,0.012070969,0.011802167916975134,0.15822756,0.15718330199304376,0.0,0.0,0.217929918,0.30206432056551796,0.347121905,0.22109579886596387,0.104723808,0.09861808195744504,0.048446995,0.027458537919456547,0.0,0.0001597532292268737,0.0,0.0,0.0,0.0,0.0,0.0,0.0,0.0070914637781763,0.0,0.0032607740346519724,0.0,9.290647952930474e-06,0.176986498,0.1723533631718865,0.412696626,0.38832272278374375,0.0,3.635437431718017e-05,0.0,0.0,0.0,0.007404451291292191,0.002936182,0.0019486423142896737,0.0,0.0,0.0,0.0,0.348100632,0.4146431733321062,22.36020304,26.469007532948762,33.26759064,31.249507889799823,16.94501164,18.636841598413973,32.94025047,30.292971133038257
PJ-BV-BF-BT-BC-BY-DP-CH-AC-BH-CC-DF,0,0.0,1.6211270065062677e-12,0.00055,0.0005500000073461172,0.00055,0.0005499999964643416,0.00055,0.0005499999915193328,0.0,2.154380731970995e-12,0.00055,0.0005500000009630577,0.00055,0.0005499999944579109,0.00055,0.0005499999917708718,0.0,1.3394473410196367e-11,0.00055,0.0005499999888875544,0.0,0.0,0.0,1.3830830469623023e-12,0.0,1.7899060597396932e-12,0.0,1.1615850425625296e-12,0.0,3.187198606164482e-12,0.0,3.99307887102851e-12,0.00055,0.0005499999968061884,0.00055,0.0005499999977587338,0.00055,0.0005500000030057914,0.0,5.315233387974405e-12,0.0,5.5566312998339e-12,0.0,0.0,0.00055,0.0005500000065820766,0.0,6.0900955231504156e-12,0.00055,0.0005499999890893567,0.0,0.0,0.0,0.0,28.0,28.0,0.0,0.0
PJ-BV-BF-BT-BC-BY-DP-CH-AC-BH-CC-DF,16,0.0,0.05490613496432903,0.018954745,0.015216907741922728,0.022217447,0.034102234659323286,0.217668832,0.2095305651930336,0.0,0.0,0.267075462,0.24234651226138987,0.479772558,0.3489923586211717,0.134858349,0.16277219483708594,0.0,0.009999971705254525,0.010720307,0.0047219709455539865,0.0,0.006504937503512776,0.0,0.0,0.0,0.009738278109956283,0.0,0.011866989915299123,0.0,1.957483930956419e-06,0.0,0.00014966272414436638,0.207414626,0.09498639976385045,0.135635182,0.15094056927675073,0.001087567,0.0012341718321744986,0.0,0.00015710723633605497,0.0,0.09653422661444346,0.0,0.0,0.017711811,0.027707506664870783,0.0,0.0,0.349885946,0.33751635975191424,19.17968064,15.414951457212675,30.62998128,41.99273457632004,25.32123446,28.839050084451916,17.31927809,21.650413918721824
PJ-BV-BF-BT-BC-BY-DP-CH-AC-BH-CC-DF,32,0.0,0.06448602106096765,0.013282248,0.01157002447668936,0.013693039,0.019791671126022536,0.1131045,0.16528719985475332,0.0,0.0,0.196221244,0.20683128416597873,0.277420964,0.2553569624195968,0.109407379,0.12493366642388201,0.0,0.0,0.005888007,0.002819925388028518,0.0,0.004759005087643729,0.0,0.0,0.0,0.0,0.0,0.01011440761685059,0.0,0.0,0.0,0.0003815539403492324,0.110639753,0.1762454060641545,0.382857362,0.3298878677836179,0.000273861,0.0011277578621749476,0.0,0.0,0.0,0.07730217493687933,0.0,1.4849448041375207e-05,0.015473134,0.02207932742479392,0.0,0.0,0.192524124,0.33700089090932545,18.96491464,16.370505731989244,34.70632892,41.98352446861353,28.10689167,29.58895633536325,19.40495142,25.716071668685377
PJ-BV-BF-BT-BC-BY-DP-CH-AC-BH-CC-DF,48,0.0,0.05873772310955281,0.006794664,0.008268529659260893,0.009292703,0.00947206026470555,0.108714629,0.19947598322569368,0.0,0.0,0.207337183,0.2560956563904396,0.197944559,0.22614672284068613,0.086032441,0.1231384386785304,0.0,0.0,0.001998431,0.0015371670551378978,0.0,0.0028738570603697327,0.0,0.0,0.0,0.0,0.0,0.0,0.0,0.0,0.0,0.0005834770198509811,0.184754916,0.19528839085808614,0.322646633,0.3502295802518142,0.000299765,0.000968021556834374,0.0,0.0,0.0,0.0593181678936511,0.0,0.00010201012962309213,0.013289564,0.021652484453614135,0.0,0.0,0.219127924,0.36010948976442464,19.29709384,16.72733874990798,31.326526,39.653802027897335,29.43884845,29.877806679465532,22.09970595,28.993819944722784
PJ-BV-BF-BU-DP-BL-BA-EL-RI-DL-DF,0,0.0,1.6211270065062677e-12,0.0006,0.0006000000024330034,0.0006,0.0005999999883622173,0.0006,0.0005999999947840867,0.0,2.154380731970995e-12,0.0,0.0,0.0,0.0,0.0,4.569619259809504e-12,0.0006,0.0006000000007822834,0.0006,0.0005999999948330911,0.0006,0.0005999999877829024,0.0006,0.0006000000022092643,0.0,1.7899060597396932e-12,0.0,1.1615850425625296e-12,0.0006,0.0005999999937854397,0.0,3.99307887102851e-12,0.0,0.0,0.0,0.0,0.0,0.0,0.0,5.315233387974405e-12,0.0,5.5566312998339e-12,0.0006,0.0006000000022766455,0.0,6.627025696866878e-12,0.0006,0.0006000000122922591,0.0006,0.0005999999978018569,0.0,0.0,0.0,0.0,28.0,28.0,0.0,0.0
PJ-BV-BF-BU-DP-BL-BA-EL-RI-DL-DF,16,0.0,0.0,0.01932589,0.011142554985680708,0.049588958,0.0282394550282239,0.291374951,0.3424766105118169,0.0,0.0,0.0,0.0016325139557298585,0.0,0.0673682817507543,0.0,0.0,0.108628489,0.0927806441443224,0.009025828,0.011477323644448957,0.017733096,0.027284970690626555,0.327903006,0.20368246885808067,0.0,0.0,0.0,0.0,0.002548469,0.0021402132118555116,0.0,0.0004034119525697914,0.0,0.057351937262331495,0.0,0.0,0.0,0.000417852733422,0.0,0.003961551453731581,0.0,0.0,0.003822703,0.0038904285355131117,0.0,0.0,0.271624316,0.30310831097944074,0.152801951,0.1882121325808249,0.44615784,0.0,51.71203872,51.10549083946643,47.41433269,47.46556260119509,9.2209524,9.117821966824105
PJ-BV-BF-BU-DP-BL-BA-EL-RI-DL-DF,32,0.0,0.0,0.041861103,0.017419401863747883,0.041372452,0.038655348186763194,0.424474841,0.2637822878249873,0.0,0.0,0.0,0.027873585567448844,0.0,0.09647747879253199,0.0,0.02289294046545013,0.125257541,0.07989531094152251,0.015311065,0.008762459441496284,0.026387154,0.015436300943052582,0.271364192,0.10892049125792092,0.0,0.0,0.0,0.0,0.007329765,0.005752556191335028,0.0,0.0001701815929360716,0.0,0.07868819179495799,0.0,0.0,0.0,0.00043632110313245916,0.0,0.009658340887528948,0.0,0.0,0.005863812,0.0028310750947927363,0.0,0.0,0.396295966,0.35299475453208873,0.287326792,0.2336037467918618,1.02643776,0.7436541189746677,53.90689452,58.65683308610921,46.9528866,51.587611302371954,10.34284408,9.685997718588075
PJ-BV-BF-BU-DP-BL-BA-EL-RI-DL-DF,48,0.0,0.0,0.0258074,0.017855840527983488,0.037530083,0.02795178248485898,0.376788036,0.3140880451699767,0.0,0.0,0.0,0.028884344090553654,0.0,0.1145979130614394,0.0,0.020638643408329778,0.089757261,0.06934331387166365,0.006386238,0.0059359130316867835,0.014697095,0.010186771173929143,0.104016943,0.0863563263630845,0.0,0.0,0.0,0.0,0.004549101,0.009216650475526285,0.0,0.0,0.0,0.060974983812990644,0.0,0.0,0.0,0.0002173902658531066,0.0,0.013026539039755472,0.0,0.008344802098903231,0.00227455,0.0023386679712942746,0.0,0.0,0.139884855,0.30734260449585393,0.294554288,0.2750720249749462,1.17102448,2.0910281683226586,51.71130588,56.26219314585211,50.24453587,50.91601024109919,12.27343092,10.242344942282987
PJ-BV-BO-BT-BY-BU-DP-BL-CA-BH-CG-ER-CC-DL,0,0.0,1.6211270065062677e-12,0.000471429,0.00047142900397569406,0.000471429,0.00047142899654632287,0.0,4.192022000793633e-12,0.000471429,0.0004714290000392738,0.000471429,0.00047142900378982576,0.0,0.0,0.000471429,0.00047142900595774676,0.000471429,0.0004714289991718531,0.000471429,0.0004714290072238275,0.000471429,0.0004714289999108735,0.0,1.3830830469623023e-12,0.0,1.7899060597396932e-12,0.000471429,0.0004714290033436448,0.0,3.187198606164482e-12,0.0,3.99307887102851e-12,0.0,0.0,0.0,0.0,0.000471429,0.0004714290061476561,0.000471429,0.00047142899356208815,0.000471429,0.0004714290140212304,0.0,0.0,0.000471429,0.00047142901393894526,0.000471429,0.00047142900367135097,0.0,0.0,0.0,0.0,0.0,0.0,28.0,28.0,0.0,0.0
PJ-BV-BO-BT-BY-BU-DP-BL-CA-BH-CG-ER-CC-DL,16,0.0,0.0,0.017905464,0.01422492499864201,0.057349385,0.037426094055573164,0.0,0.0,0.192937865,0.2361223772748336,0.302057397,0.25243973521717966,0.0,0.12068474395308776,0.14025947,0.15640701549011643,0.07006486,0.0885468333571158,0.009471731,0.007021045064016719,0.059684881,0.023840163527012105,0.0,0.0,0.0,0.0188871254229765,0.037497675,0.07630870597028605,0.0,0.0009538104450971898,0.0,0.0,0.0,0.0345864168992738,0.0,0.014304263935274592,0.000908248,0.001214036115859859,0.053846142,0.03431224381910215,0.296088909,0.19626168888700968,0.0,0.00033273537226868356,0.022057456,0.013527490749687988,0.198127854,0.24707430446678558,0.0,0.0718074152306214,3.89192136,4.882218459492149,39.82677656,48.379497528009985,38.10007718,39.05105412017451,15.62483651,16.078529217806235
PJ-BV-BO-BT-BY-BU-DP-BL-CA-BH-CG-ER-CC-DL,32,0.0,0.0,0.017040085,0.015078554824802016,0.012780064,0.027221413141885052,0.0,0.018725476645423636,0.190033994,0.16834308436436207,0.39081065,0.22608777098473107,0.0,0.09957497651267078,0.12113278,0.13638480160107253,0.053157657,0.05866461033580177,0.007593951,0.004861836267338845,0.04185934,0.021927747802712956,0.0,0.0,0.0,0.002632986408576496,0.021485325,0.0547180990755756,0.0,0.0006702237899304723,0.0,0.0,0.0,0.03987858746167794,0.0,0.05402870685411154,0.000926092,0.0012903288760339896,0.03852541,0.030195978600834096,0.312092865,0.18431831834849544,0.0,0.0002630760345528941,0.014447029,0.01071770391911231,0.221150671,0.26353291376240673,0.0,0.05513584976807169,6.04357008,3.078170027237533,50.51825024,51.05755797653499,51.07398057,45.484288246831866,17.49398366,17.618436996686057
PJ-BV-BO-BT-BY-BU-DP-BL-CA-BH-CG-ER-CC-DL,48,0.0,0.0,0.014663063,0.014811755123155452,0.009542628,0.015809352827373994,0.0,0.037367109058823136,0.184102899,0.19527575664640764,0.491678097,0.28930289190316844,0.0,0.07787796935040699,0.143255796,0.14853269389382745,0.036192163,0.04250382784886565,0.003723952,0.00277450148998608,0.022343715,0.02034496665052548,0.0,0.0,0.0,0.0,0.009659002,0.016308669668829955,0.0,0.0016317781288362667,0.0,0.0,0.0,0.05045361700014364,0.0,0.019778160784840515,0.000930988,0.0013220045013222627,0.043640068,0.04154189953586916,0.350749771,0.16788542725564404,0.0,0.0002681002278654899,0.012219219,0.007635570401131251,0.119399225,0.23445639374333105,0.0,0.037561680401028336,7.67700056,1.016890643530747,48.29735104,49.40350625221425,48.24101715,49.45742550931837,19.39194869,18.487848583399842
PJ-BV-BO-BU-CA-EL-FP-CH-BH-CG-ER,0,0.0,1.6211270065062677e-12,0.0006,0.0006000000024330034,0.0006,0.0005999999883622173,0.0,4.192022000793633e-12,0.0006,0.0006000000147560669,0.0,0.0,0.0,0.0,0.0,4.569619259809504e-12,0.0006,0.0006000000007822834,0.0,6.304866568065948e-13,0.0,0.0,0.0,1.3830830469623023e-12,0.0,1.7899060597396932e-12,0.0006,0.0006000000125614541,0.0006,0.0005999999937854397,0.0006,0.0006000000090562558,0.0006,0.0005999999969266447,0.0,0.0,0.0006,0.0006000000009001312,0.0006,0.0006000000028647126,0.0006,0.0005999999862037512,0.0,0.0,0.0,6.627025696866878e-12,0.0,6.0900955231504156e-12,0.0,0.0,0.0,0.0,0.0,0.0,28.0,28.0,0.0,0.0
PJ-BV-BO-BU-CA-EL-FP-CH-BH-CG-ER,16,0.0,0.19878771046285576,0.019226688,0.02653105959243305,0.16374204,0.06910418061582671,0.0,0.06195490386109813,0.546857439,0.4288958381509387,0.0,0.08343637608925562,0.0,0.05857639759485733,0.0,0.0917600929177965,0.134429221,0.15397100526483182,0.0,0.0036645553576724766,0.0,0.011140960462370161,0.0,0.016493410765451147,0.0,0.01605775434879954,0.018438709,0.08963412355320272,0.001103171,0.002703590505664385,0.000630383,0.001015399619922252,0.123397514,0.13876762475928417,0.0,0.22386993107094327,0.001260766,0.001739653250413308,0.040502122,0.03964983914355712,0.52164211,0.25294177972268456,0.0,0.001002756272442586,0.0,0.012322843142071058,0.0,0.08167785578557854,0.0,0.08913596737926704,8.144002,17.896758529981305,45.87874264,46.996728199628095,29.79474875,20.398186784403467,29.37803402,23.107038259073704
PJ-BV-BO-BU-CA-EL-FP-CH-BH-CG-ER,32,0.0,0.0964792001665283,0.027922158,0.019697905899240323,0.03004667,0.037868534169417586,0.0,0.03192313300058379,0.755112263,0.2976827315141932,0.0,0.039145923297068334,0.0,0.051573237311898806,0.0,0.06681231467943775,0.14871584,0.09144278155244619,0.0,0.0023854241364456366,0.0,0.011714781036539546,0.0,0.009637761490674392,0.0,0.001729537570714465,0.019272359,0.07724960645549081,0.000910505,0.006154367556643689,0.001517509,0.0013107123979656575,0.415038593,0.25263886989735357,0.0,0.2962351934053494,0.002276263,0.0015936862799345425,0.03717896,0.028801622220485823,0.258735211,0.21185441162641533,0.0,0.0007920755209593022,0.0,0.007335312146554437,0.0,0.1075202659111122,0.0,0.07806442432925007,7.8746904,18.84871115714569,48.00822596,40.850366412135536,26.57751095,20.161664913332658,33.31910908,26.03964649359242
PJ-BV-BO-BU-CA-EL-FP-CH-BH-CG-ER,48,0.0,0.06534064192692622,0.028273589,0.016325139041023666,0.028875155,0.02337128714503465,0.0,0.016226460424411518,0.774515863,0.34736500701708184,0.0,0.03442906538409418,0.0,0.04873382197818554,0.0,0.07582089160413027,0.137608158,0.08473451371745613,0.0,0.0013172073544951615,0.0,0.010754110486547995,0.0,0.0,0.0,0.0,0.022257932,0.07737122465058781,0.001955089,0.009594930559522576,0.000300783,0.0010787741846926286,0.396131026,0.24212693989337064,0.0,0.2644525591487567,0.001353523,0.001578837498347042,0.064066749,0.038131133558361015,0.247995468,0.1802320219163323,0.0,0.0007478895726080759,0.0,0.006747545726490733,0.0,0.07589599254978838,0.0,0.08102171194635525,8.06209016,19.56486955773816,46.53832228,35.13981751593023,28.72104878,20.317963681193262,38.39884478,28.979943171593074
