Experiments,Time,PC_OD true,PC_OD pred,PC_OD stdv,PJ_OD true,PJ_OD pred,PJ_OD stdv,BV_OD true,BV_OD pred,BV_OD stdv,BF_OD true,BF_OD pred,BF_OD stdv,BO_OD true,BO_OD pred,BO_OD stdv,BT_OD true,BT_OD pred,BT_OD stdv,BC_OD true,BC_OD pred,BC_OD stdv,BY_OD true,BY_OD pred,BY_OD stdv,BU_OD true,BU_OD pred,BU_OD stdv,DP_OD true,DP_OD pred,DP_OD stdv,BL_OD true,BL_OD pred,BL_OD stdv,BA_OD true,BA_OD pred,BA_OD stdv,BP_OD true,BP_OD pred,BP_OD stdv,CA_OD true,CA_OD pred,CA_OD stdv,EL_OD true,EL_OD pred,EL_OD stdv,FP_OD true,FP_OD pred,FP_OD stdv,CH_OD true,CH_OD pred,CH_OD stdv,AC_OD true,AC_OD pred,AC_OD stdv,BH_OD true,BH_OD pred,BH_OD stdv,CG_OD true,CG_OD pred,CG_OD stdv,ER_OD true,ER_OD pred,ER_OD stdv,RI_OD true,RI_OD pred,RI_OD stdv,CC_OD true,CC_OD pred,CC_OD stdv,DL_OD true,DL_OD pred,DL_OD stdv,DF_OD true,DF_OD pred,DF_OD stdv,Butyrate true,Butyrate pred,Butyrate stdv,Acetate true,Acetate pred,Acetate stdv,Lactate true,Lactate pred,Lactate stdv,Succinate true,Succinate pred,Succinate stdv
BC-BU-DP-BA-BP-CA-FP-CG-RI-CC-DF,0.0,0.0,0.0,0.20097658,0.0,0.0,0.007306748,0.0,0.0,0.021586414,0.0,0.0,0.0998511,0.0,0.0,0.10621258,0.0,0.0,0.20821111,0.0006,0.0006,0.120461434,0.0,0.0,0.06325559,0.0006,0.0006,0.05174661,0.0006,0.0006,0.004206238,0.0,0.0,0.011576925,0.0006,0.0006,0.07677998,0.0006,0.0006,0.077355005,0.0006,0.0006,0.08522733,0.0,0.0,0.0105271265,0.0006,0.0006,0.0022225427,0.0,0.0,0.08377469,0.0,0.0,0.26076615,0.0,0.0,0.0014602996,0.0006,0.0006,0.016401112,0.0,0.0,0.09558263,0.0006,0.0006,0.0017683478,0.0006,0.0006,0.009928654,0.0,0.0,0.1337115,0.0006,0.0006,0.10347191,0.0,0.0,18.4377,0.0,0.0,23.933777,28.0,28.0,17.012564,0.0,0.0,10.342957
BC-BU-DP-BA-BP-CA-FP-CG-RI-CC-DF,16.0,0.0,0.0,0.20097658,0.0,0.0,0.007306748,0.0,0.0,0.021586414,0.0,0.0,0.0998511,0.0,0.0,0.10621258,0.0,0.0,0.20821111,0.556296655,0.3615017,0.1211474,0.0,0.0,0.06325559,0.087174503,0.06817309,0.051814746,0.007375374,0.0075700367,0.0042216685,0.0,0.0,0.011576925,0.342048085,0.112740956,0.07707894,0.114499659,0.112815484,0.077696726,0.019103428,0.028437018,0.08529343,0.0,0.0,0.0105271265,0.000725447,0.0010198987,0.0022241352,0.0,0.0,0.08377469,0.0,0.0,0.26076615,0.0,0.0,0.0014602996,0.034216899,0.02671628,0.016437005,0.0,0.0,0.09558263,0.002780879,0.0021767607,0.001775898,0.02115886,0.023940017,0.009983164,0.0,0.0,0.1337115,0.173865375,0.21767662,0.10389275,1.200972,4.806812,18.43957,56.57878976,16.349247,23.94557,50.41196817,32.853172,17.016594,8.68255116,3.504819,10.344572
BC-BU-DP-BA-BP-CA-FP-CG-RI-CC-DF,32.0,0.0,0.0,0.20097658,0.0,0.0,0.007306748,0.0,0.0,0.021586414,0.0,0.0,0.0998511,0.0,0.0,0.10621258,0.0,0.0,0.20821111,0.611492976,0.38994548,0.1213205,0.0,0.0,0.06325559,0.068535121,0.07128326,0.05182149,0.008151022,0.007782843,0.0042225453,0.0,0.0,0.011576925,0.140230843,0.11681068,0.07710917,0.285951149,0.11809845,0.077736564,0.019129949,0.045142077,0.08533204,0.0,0.0,0.0105271265,0.00066539,0.0013233902,0.0022259152,0.0,0.0,0.08377469,0.0,0.0,0.26076615,0.0,0.0,0.0014602996,0.049238825,0.03465382,0.016442645,0.0,0.0,0.09558263,0.002994253,0.0023014208,0.0017765517,0.023954023,0.024751097,0.009986864,0.0,0.0,0.1337115,0.177991699,0.25510496,0.104041696,1.59898552,10.901704,18.44466,61.22271804,38.038666,23.973862,53.18028484,37.354855,17.027725,8.81368684,8.279928,10.348648
BC-BU-DP-BA-BP-CA-FP-CG-RI-CC-DF,48.0,0.0,0.0,0.20097658,0.0,0.0,0.007306748,0.0,0.0,0.021586414,0.0,0.0,0.0998511,0.0,0.0,0.10621258,0.0,0.0,0.20821111,0.899807605,0.46367818,0.12276273,0.0,0.0,0.06325559,0.054458603,0.075332455,0.05183746,0.003787289,0.008063906,0.004224502,0.0,0.0,0.011576925,0.04466389,0.121664755,0.07715408,0.097685934,0.12503162,0.07781305,0.003526097,0.083534114,0.085605614,0.0,0.0,0.0105271265,0.000652981,0.0019193745,0.002236144,0.0,0.0,0.08377469,0.0,0.0,0.26076615,0.0,0.0,0.0014602996,0.08149201,0.04775206,0.01650669,0.0,0.0,0.09558263,0.000783577,0.0024938947,0.0017786048,0.036436331,0.025813205,0.009995388,0.0,0.0,0.1337115,0.312777825,0.32718155,0.1047768,1.55357368,16.753302,18.45526,60.35181256,60.04113,24.037294,55.17342669,39.876507,17.041151,11.23214938,13.452024,10.358417
BC-BU-DP-BL-BP-CA-EL-FP-BH-DL-DF,0.0,0.0,0.0,0.20097658,0.0,0.0,0.007306748,0.0,0.0,0.021586414,0.0,0.0,0.0998511,0.0,0.0,0.10621258,0.0,0.0,0.20821111,0.0006,0.0006,0.120461434,0.0,0.0,0.06325559,0.0006,0.0006,0.05174661,0.0006,0.0006,0.004206238,0.0006,0.0006,0.011576925,0.0,0.0,0.07677998,0.0006,0.0006,0.077355005,0.0006,0.0006,0.08522733,0.0006,0.0006,0.0105271265,0.0006,0.0006,0.0022225427,0.0,0.0,0.08377469,0.0,0.0,0.26076615,0.0006,0.0006,0.0014602996,0.0,0.0,0.016401112,0.0,0.0,0.09558263,0.0,0.0,0.0017683478,0.0,0.0,0.009928654,0.0006,0.0006,0.1337115,0.0006,0.0006,0.10347191,0.0,0.0,18.4377,0.0,0.0,23.933777,28.0,28.0,17.012564,0.0,0.0,10.342957
BC-BU-DP-BL-BP-CA-EL-FP-BH-DL-DF,16.0,0.0,0.0,0.20097658,0.0,0.0,0.007306748,0.0,0.0,0.021586414,0.0,0.0,0.0998511,0.0,0.0,0.10621258,0.0,0.0,0.20821111,0.743964354,0.3242933,0.12107401,0.0,0.0,0.06325559,0.15587983,0.06275266,0.051802725,0.011977959,0.007241211,0.0042198114,0.010480714,0.015529044,0.011609367,0.0,0.0,0.07677998,0.209115204,0.102918826,0.077637374,0.030277619,0.026678026,0.085283026,0.001330884,0.0009831386,0.010527494,0.000332721,0.0010117238,0.0022240616,0.0,0.0,0.08377469,0.0,0.0,0.26076615,0.001497245,0.00083958893,0.0014609746,0.0,0.0,0.016401112,0.0,0.0,0.09558263,0.0,0.0,0.0017683478,0.0,0.0,0.009928654,0.306768844,0.23240007,0.13419421,0.154881667,0.19592787,0.10382071,0.30539048,4.0919366,18.43903,61.39043596,15.023291,23.94311,54.17905765,33.722828,17.016367,11.985896789999998,3.0372653,10.34418
BC-BU-DP-BL-BP-CA-EL-FP-BH-DL-DF,32.0,0.0,0.0,0.20097658,0.0,0.0,0.007306748,0.0,0.0,0.021586414,0.0,0.0,0.0998511,0.0,0.0,0.10621258,0.0,0.0,0.20821111,0.775864642,0.35409322,0.12119305,0.0,0.0,0.06325559,0.125267634,0.0652342,0.051807325,0.008155989,0.0074189953,0.004220466,0.032623958,0.015980512,0.011611249,0.0,0.0,0.07677998,0.27960405,0.10699527,0.07766524,0.035342621,0.041874368,0.08531419,0.004391687,0.002086913,0.010528642,0.000209128,0.0013038054,0.0022257322,0.0,0.0,0.08377469,0.0,0.0,0.26076615,0.00104564,0.0010138706,0.0014618303,0.0,0.0,0.016401112,0.0,0.0,0.09558263,0.0,0.0,0.0017683478,0.0,0.0,0.009928654,0.339205512,0.25373113,0.13429047,0.227112938,0.22531821,0.10391859,0.72099992,9.196819,18.442667,52.58407892,35.205086,23.965105,55.56850088,39.27596,17.026762,11.82875188,6.844568,10.347099
BC-BU-DP-BL-BP-CA-EL-FP-BH-DL-DF,48.0,0.0,0.0,0.20097658,0.0,0.0,0.007306748,0.0,0.0,0.021586414,0.0,0.0,0.0998511,0.0,0.0,0.10621258,0.0,0.0,0.20821111,0.949757822,0.43186647,0.122407384,0.0,0.0,0.06325559,0.104214934,0.06852256,0.05181857,0.007600765,0.0076564807,0.004221969,0.014357001,0.016585309,0.011615232,0.0,0.0,0.07677998,0.163669808,0.112409994,0.07771796,0.012836848,0.07605444,0.08553662,0.002533588,0.007093343,0.010554202,0.000168906,0.0018686033,0.002234853,0.0,0.0,0.08377469,0.0,0.0,0.26076615,0.001182341,0.0013056791,0.0014656446,0.0,0.0,0.016401112,0.0,0.0,0.09558263,0.0,0.0,0.0017683478,0.0,0.0,0.009928654,0.292882814,0.290006,0.13456312,0.260115071,0.28096515,0.10436223,1.7690696799999999,14.016319,18.449982,55.35610532,56.36174,24.017776,59.45763081,42.711914,17.040953,13.98110143,10.6743145,10.353231
BF-BC-BY-BA-CA-EL-FP-CH-AC-BH-ER-CC-DL-DF,0.0,0.0,0.0,0.20097658,0.0,0.0,0.007306748,0.0,0.0,0.021586414,0.000471429,0.000471429,0.0998511,0.0,0.0,0.10621258,0.0,0.0,0.20821111,0.000471429,0.000471429,0.120461434,0.000471429,0.000471429,0.06325559,0.0,0.0,0.05174661,0.0,0.0,0.004206238,0.0,0.0,0.011576925,0.000471429,0.000471429,0.07677998,0.0,0.0,0.077355005,0.000471429,0.000471429,0.08522733,0.000471429,0.000471429,0.0105271265,0.000471429,0.000471429,0.0022225427,0.000471429,0.000471429,0.08377469,0.000471429,0.000471429,0.26076615,0.000471429,0.000471429,0.0014602996,0.0,0.0,0.016401112,0.000471429,0.000471429,0.09558263,0.0,0.0,0.0017683478,0.000471429,0.000471429,0.009928654,0.000471429,0.000471429,0.1337115,0.000471429,0.000471429,0.10347191,0.0,0.0,18.4377,0.0,0.0,23.933777,28.0,28.0,17.012564,0.0,0.0,10.342957
BF-BC-BY-BA-CA-EL-FP-CH-AC-BH-ER-CC-DL-DF,16.0,0.0,0.0,0.20097658,0.0,0.0,0.007306748,0.0,0.0,0.021586414,0.158661918,0.123623274,0.09994413,0.0,0.0,0.10621258,0.0,0.0,0.20821111,0.338587804,0.22024417,0.120703265,0.118791977,0.09517057,0.06332284,0.0,0.0,0.05174661,0.0,0.0,0.004206238,0.0,0.0,0.011576925,0.091598633,0.0726325,0.076887175,0.0,0.0,0.077355005,0.017174744,0.019429484,0.08525552,0.000408922,0.00077712233,0.010527344,0.000204461,0.00078846834,0.002223424,0.035576255,0.053408787,0.08383181,0.12431243,0.0029011166,0.26076618,0.000613384,0.00065635226,0.0014606938,0.0,0.0,0.016401112,0.346152869,0.11059891,0.09572834,0.0,0.0,0.0017683478,0.006951682,0.016359292,0.009949345,0.551023026,0.16233355,0.13392925,0.103048462,0.1367897,0.10361836,25.63802568,4.314864,18.43877,59.685464,16.030293,23.941566,22.14417596,31.524387,17.014414,13.5931722,4.7597604,10.344465
BF-BC-BY-BA-CA-EL-FP-CH-AC-BH-ER-CC-DL-DF,32.0,0.0,0.0,0.20097658,0.0,0.0,0.007306748,0.0,0.0,0.021586414,0.126627674,0.14008288,0.09996317,0.0,0.0,0.10621258,0.0,0.0,0.20821111,0.277241401,0.22756706,0.12068397,0.07491748,0.09917295,0.06332582,0.0,0.0,0.05174661,0.0,0.0,0.004206238,0.0,0.0,0.011576925,0.037848124,0.07465441,0.07689508,0.0,0.0,0.077355005,0.035667573,0.030180473,0.085269116,0.000934522,0.0017521865,0.010528031,0.000623014,0.0010152354,0.002224377,0.055604034,0.0786691,0.08385962,0.456981051,0.030866276,0.26077586,0.000311507,0.0007915456,0.0014611866,0.0,0.0,0.016401112,0.197651313,0.122540236,0.0957542,0.0,0.0,0.0017683478,0.005139869,0.016821468,0.009950238,0.235499437,0.18154383,0.133981,0.155130582,0.15797795,0.10364894,27.37300208,10.45358,18.441395,41.15194828,36.950264,23.953077,21.36678998,33.917633,17.019846,14.47412695,11.091284,10.3468075
BF-BC-BY-BA-CA-EL-FP-CH-AC-BH-ER-CC-DL-DF,48.0,0.0,0.0,0.20097658,0.0,0.0,0.007306748,0.0,0.0,0.021586414,0.153531549,0.16558868,0.10003491,0.0,0.0,0.10621258,0.0,0.0,0.20821111,0.219147244,0.23224024,0.1208852,0.083327344,0.10400202,0.06333991,0.0,0.0,0.05174661,0.0,0.0,0.004206238,0.0,0.0,0.011576925,0.023401402,0.07720915,0.076907925,0.0,0.0,0.077355005,0.049372369,0.05329049,0.08535773,0.001376553,0.009207435,0.010562943,0.000642391,0.0014261367,0.0022292617,0.056255134,0.13980243,0.08413451,0.406633769,0.38193852,0.2620029,0.00018354,0.0010053179,0.0014633195,0.0,0.0,0.016401112,0.114712754,0.13868883,0.095827304,0.0,0.0,0.0017683478,0.005414442,0.01747768,0.0099533,0.145822852,0.21898611,0.13418056,0.180420219,0.20344064,0.10385776,28.44683208,28.25883,18.485483,36.78762604,49.69725,23.9791,23.73217468,21.542892,17.064562,20.582903,17.980085,10.353821
BO-BC-BY-BU-BA-BP-CH-AC-CG-CC-DL,0.0,0.0,0.0,0.20097658,0.0,0.0,0.007306748,0.0,0.0,0.021586414,0.0,0.0,0.0998511,0.0006,0.0006,0.10621258,0.0,0.0,0.20821111,0.0006,0.0006,0.120461434,0.0006,0.0006,0.06325559,0.0006,0.0006,0.05174661,0.0,0.0,0.004206238,0.0,0.0,0.011576925,0.0006,0.0006,0.07677998,0.0006,0.0006,0.077355005,0.0,0.0,0.08522733,0.0,0.0,0.0105271265,0.0,0.0,0.0022225427,0.0006,0.0006,0.08377469,0.0006,0.0006,0.26076615,0.0,0.0,0.0014602996,0.0006,0.0006,0.016401112,0.0,0.0,0.09558263,0.0,0.0,0.0017683478,0.0006,0.0006,0.009928654,0.0006,0.0006,0.1337115,0.0,0.0,0.10347191,0.0,0.0,18.4377,0.0,0.0,23.933777,28.0,28.0,17.012564,0.0,0.0,10.342957
BO-BC-BY-BU-BA-BP-CH-AC-CG-CC-DL,16.0,0.0,0.0,0.20097658,0.0,0.0,0.007306748,0.0,0.0,0.021586414,0.0,0.0,0.0998511,0.342256025,0.14643998,0.1063502,0.0,0.0,0.20821111,0.531617882,0.24267827,0.12074151,0.170722816,0.1060219,0.06334053,0.121558967,0.050822433,0.05177276,0.0,0.0,0.004206238,0.0,0.0,0.011576925,0.203948933,0.081418514,0.07691298,0.283097327,0.08147762,0.077511154,0.0,0.0,0.08522733,0.0,0.0,0.0105271265,0.0,0.0,0.0022225427,0.061860008,0.060513802,0.083843924,0.073475642,0.0038740048,0.2607662,0.0,0.0,0.0014602996,0.037278083,0.021356087,0.016418837,0.0,0.0,0.09558263,0.0,0.0,0.0017683478,0.015397469,0.019040987,0.009955611,0.760959133,0.17838341,0.13396095,0.0,0.0,0.10347191,18.2513484,3.291849,18.438622,67.49368508,16.744482,23.942863,30.12283147,33.38272,17.015223,13.039766360000002,4.792343,10.344565
BO-BC-BY-BU-BA-BP-CH-AC-CG-CC-DL,32.0,0.0,0.0,0.20097658,0.0,0.0,0.007306748,0.0,0.0,0.021586414,0.0,0.0,0.0998511,0.206649906,0.15735342,0.10636797,0.0,0.0,0.20821111,0.353145762,0.26298842,0.12076115,0.098787471,0.11079973,0.063346304,0.076488987,0.052840933,0.051774718,0.0,0.0,0.004206238,0.0,0.0,0.011576925,0.036299858,0.08380871,0.076923616,0.150385126,0.08468243,0.07752631,0.0,0.0,0.08522733,0.0,0.0,0.0105271265,0.0,0.0,0.0022225427,0.049523378,0.08831902,0.08387943,0.44130256,0.048852902,0.2607924,0.0,0.0,0.0014602996,0.030854879,0.027666237,0.016420197,0.0,0.0,0.09558263,0.0,0.0,0.0017683478,0.015038513,0.019594759,0.0099569475,0.427819755,0.19956422,0.13402496,0.0,0.0,0.10347191,17.95540056,8.874843,18.44182,55.96203004,38.58772,23.959566,28.47169226,36.78404,17.022913,13.043966140000002,11.057173,10.347678
BO-BC-BY-BU-BA-BP-CH-AC-CG-CC-DL,48.0,0.0,0.0,0.20097658,0.0,0.0,0.007306748,0.0,0.0,0.021586414,0.0,0.0,0.0998511,0.188589431,0.17356691,0.106433354,0.0,0.0,0.20821111,0.254223803,0.26953676,0.12107802,0.096154356,0.11650936,0.063367605,0.034786217,0.05549787,0.0517806,0.0,0.0,0.004206238,0.0,0.0,0.011576925,0.011814187,0.08691257,0.07694132,0.068369138,0.08937733,0.077560104,0.0,0.0,0.08522733,0.0,0.0,0.0105271265,0.0,0.0,0.0022225427,0.039490014,0.16102692,0.08427804,0.534920137,0.610704,0.26306707,0.0,0.0,0.0014602996,0.024065937,0.036200996,0.016446592,0.0,0.0,0.09558263,0.0,0.0,0.0017683478,0.009626375,0.020406451,0.009961437,0.305856176,0.24165721,0.13428076,0.0,0.0,0.10347191,19.34414088,36.064404,18.54877,51.14916244,46.593796,23.999651,26.13087889,17.642836,17.076128,16.66000311,17.880451,10.358019
BV-BF-BL-CA-FP-CH-AC-BH-ER-RI-DF,0.0,0.0,0.0,0.20097658,0.0,0.0,0.007306748,0.0006,0.0006,0.021586414,0.0006,0.0006,0.0998511,0.0,0.0,0.10621258,0.0,0.0,0.20821111,0.0,0.0,0.120461434,0.0,0.0,0.06325559,0.0,0.0,0.05174661,0.0,0.0,0.004206238,0.0006,0.0006,0.011576925,0.0,0.0,0.07677998,0.0,0.0,0.077355005,0.0006,0.0006,0.08522733,0.0,0.0,0.0105271265,0.0006,0.0006,0.0022225427,0.0006,0.0006,0.08377469,0.0006,0.0006,0.26076615,0.0006,0.0006,0.0014602996,0.0,0.0,0.016401112,0.0006,0.0006,0.09558263,0.0006,0.0006,0.0017683478,0.0,0.0,0.009928654,0.0,0.0,0.1337115,0.0006,0.0006,0.10347191,0.0,0.0,18.4377,0.0,0.0,23.933777,28.0,28.0,17.012564,0.0,0.0,10.342957
BV-BF-BL-CA-FP-CH-AC-BH-ER-RI-DF,16.0,0.0,0.0,0.20097658,0.0,0.0,0.007306748,0.088653422,0.037570015,0.021741271,0.430435692,0.27711976,0.100488506,0.0,0.0,0.10621258,0.0,0.0,0.20821111,0.0,0.0,0.120461434,0.0,0.0,0.06325559,0.0,0.0,0.05174661,0.0,0.0,0.004206238,0.018897177,0.020148784,0.011639547,0.0,0.0,0.07677998,0.0,0.0,0.077355005,0.199703497,0.035172563,0.085342646,0.0,0.0,0.0105271265,0.006532357,0.0010399194,0.0022243944,0.30958708,0.10815334,0.08406274,0.595611014,0.00355171,0.26076618,0.002332985,0.00085313065,0.0014610911,0.0,0.0,0.016401112,0.600043685,0.24538615,0.09637122,0.008632044,0.002353261,0.0017782995,0.0,0.0,0.009928654,0.0,0.0,0.1337115,0.414571395,0.31094503,0.10416005,31.859401040000005,4.879973,18.439795,32.35661536,14.546696,23.944893,7.68118245,30.249878,17.014675,18.07217348,6.6633883,10.347627
BV-BF-BL-CA-FP-CH-AC-BH-ER-RI-DF,32.0,0.0,0.0,0.20097658,0.0,0.0,0.007306748,0.011252305,0.03853655,0.021749271,0.252373129,0.3089592,0.10063846,0.0,0.0,0.10621258,0.0,0.0,0.20821111,0.0,0.0,0.120461434,0.0,0.0,0.06325559,0.0,0.0,0.05174661,0.0,0.0,0.004206238,0.006697801,0.02065639,0.011642396,0.0,0.0,0.07677998,0.0,0.0,0.077355005,0.131544805,0.05435425,0.085400045,0.0,0.0,0.0105271265,0.005358241,0.0013327624,0.0022261143,0.721487087,0.15901689,0.084219985,0.662010617,0.03317865,0.2607785,0.001607472,0.0010304456,0.0014619664,0.0,0.0,0.016401112,0.191289187,0.2686446,0.09650963,0.00133956,0.0024902357,0.0017790492,0.0,0.0,0.009928654,0.0,0.0,0.1337115,0.249426097,0.3567311,0.10441116,34.5199824,11.456102,18.44536,39.41342328,34.05341,23.969276,1.02817301,31.60169,17.022743,24.089994509999997,16.639181,10.359015
BV-BF-BL-CA-FP-CH-AC-BH-ER-RI-DF,48.0,0.0,0.0,0.20097658,0.0,0.0,0.007306748,0.01200963,0.040000178,0.0217684,0.261209455,0.35850522,0.10107397,0.0,0.0,0.10621258,0.0,0.0,0.20821111,0.0,0.0,0.120461434,0.0,0.0,0.06325559,0.0,0.0,0.05174661,0.0,0.0,0.004206238,0.00331845,0.02145405,0.011651372,0.0,0.0,0.07677998,0.0,0.0,0.077355005,0.173191508,0.09623343,0.08572101,0.0,0.0,0.0105271265,0.002844386,0.0018699866,0.0022347337,0.451783322,0.2802282,0.08552187,0.493026921,0.3481531,0.2623144,0.000790107,0.0013204886,0.0014660264,0.0,0.0,0.016401112,0.136056467,0.3008783,0.096884266,0.000790107,0.0027153837,0.0017819302,0.0,0.0,0.009928654,0.0,0.0,0.1337115,0.390312979,0.4555694,0.10588181,34.3107644,27.231268,18.495132,41.68957704,46.59744,23.998167,8.1419459,19.923132,17.05951,28.10430182,28.379108,10.388175
BV-BF-BO-BY-BU-DP-CA-EL-CH-RI-DF,0.0,0.0,0.0,0.20097658,0.0,0.0,0.007306748,0.0006,0.0006,0.021586414,0.0006,0.0006,0.0998511,0.0006,0.0006,0.10621258,0.0,0.0,0.20821111,0.0,0.0,0.120461434,0.0006,0.0006,0.06325559,0.0006,0.0006,0.05174661,0.0006,0.0006,0.004206238,0.0,0.0,0.011576925,0.0,0.0,0.07677998,0.0,0.0,0.077355005,0.0006,0.0006,0.08522733,0.0006,0.0006,0.0105271265,0.0,0.0,0.0022225427,0.0006,0.0006,0.08377469,0.0,0.0,0.26076615,0.0,0.0,0.0014602996,0.0,0.0,0.016401112,0.0,0.0,0.09558263,0.0006,0.0006,0.0017683478,0.0,0.0,0.009928654,0.0,0.0,0.1337115,0.0006,0.0006,0.10347191,0.0,0.0,18.4377,0.0,0.0,23.933777,28.0,28.0,17.012564,0.0,0.0,10.342957
BV-BF-BO-BY-BU-DP-CA-EL-CH-RI-DF,16.0,0.0,0.0,0.20097658,0.0,0.0,0.007306748,0.020134327,0.030473236,0.021676017,0.305522168,0.20369689,0.100110576,0.330982349,0.22016829,0.10652246,0.0,0.0,0.20821111,0.0,0.0,0.120461434,0.1741944,0.15547007,0.06345445,0.10677688,0.07059482,0.05180715,0.01039191,0.0077132364,0.004221962,0.0,0.0,0.011576925,0.0,0.0,0.07677998,0.0,0.0,0.077355005,0.048322384,0.02894525,0.0852967,0.000909292,0.0009563845,0.0105275065,0.0,0.0,0.0022225427,0.090669419,0.082942024,0.08392134,0.0,0.0,0.26076615,0.0,0.0,0.0014602996,0.0,0.0,0.016401112,0.0,0.0,0.09558263,0.004936157,0.0021992153,0.0017761294,0.0,0.0,0.009928654,0.0,0.0,0.1337115,0.351376473,0.22584677,0.10382144,0.46527215999999993,2.6299763,18.43856,33.69138492,14.308323,23.942257,33.08148227,30.88614,17.014263,22.88228632,7.6791325,10.347399
BV-BF-BO-BY-BU-DP-CA-EL-CH-RI-DF,32.0,0.0,0.0,0.20097658,0.0,0.0,0.007306748,0.013909154,0.031114133,0.021679547,0.169952481,0.22624081,0.10015892,0.247322152,0.23452018,0.10655938,0.0,0.0,0.20821111,0.0,0.0,0.120461434,0.175603075,0.15994065,0.06345995,0.073023061,0.072440565,0.051809687,0.007823899,0.007853252,0.0042223907,0.0,0.0,0.011576925,0.0,0.0,0.07677998,0.0,0.0,0.077355005,0.085193571,0.044029728,0.085326895,0.002173305,0.0017681041,0.010528471,0.0,0.0,0.0022225427,0.249060797,0.11412742,0.08397516,0.0,0.0,0.26076615,0.0,0.0,0.0014602996,0.0,0.0,0.016401112,0.0,0.0,0.09558263,0.004781272,0.0023254107,0.0017767102,0.0,0.0,0.009928654,0.0,0.0,0.1337115,0.417274633,0.25137633,0.1038874,1.10605448,5.6851215,18.441065,46.48639308,33.507122,23.95926,39.84736475,34.531456,17.02078,27.258049919999998,18.511454,10.354599
BV-BF-BO-BY-BU-DP-CA-EL-CH-RI-DF,48.0,0.0,0.0,0.20097658,0.0,0.0,0.007306748,0.033497455,0.032033846,0.02168712,0.254556898,0.2642135,0.10034117,0.346377935,0.25948966,0.10673326,0.0,0.0,0.20821111,0.0,0.0,0.120461434,0.201816225,0.16607676,0.0634947,0.059273865,0.075155854,0.05181885,0.00783983,0.008062563,0.0042238287,0.0,0.0,0.011576925,0.0,0.0,0.07677998,0.0,0.0,0.077355005,0.05535395,0.077596076,0.085527785,0.002969633,0.004671221,0.010542937,0.0,0.0,0.0022225427,0.248142492,0.17356928,0.08423127,0.0,0.0,0.26076615,0.0,0.0,0.0014602996,0.0,0.0,0.016401112,0.0,0.0,0.09558263,0.00380113,0.0025354028,0.0017792032,0.0,0.0,0.009928654,0.0,0.0,0.1337115,0.34851607,0.29911467,0.10421916,1.1603548,8.040097,18.444742,37.17692168,53.17967,23.995277,42.3134945,37.776,17.033312,31.11002103,30.319862,10.371958
BV-BO-BC-BU-DP-BP-EL-FP-AC-RI-DL-DF,0.0,0.0,0.0,0.20097658,0.0,0.0,0.007306748,0.00055,0.00055,0.021586414,0.0,0.0,0.0998511,0.00055,0.00055,0.10621258,0.0,0.0,0.20821111,0.00055,0.00055,0.120461434,0.0,0.0,0.06325559,0.00055,0.00055,0.05174661,0.00055,0.00055,0.004206238,0.0,0.0,0.011576925,0.0,0.0,0.07677998,0.00055,0.00055,0.077355005,0.0,0.0,0.08522733,0.00055,0.00055,0.0105271265,0.00055,0.00055,0.0022225427,0.0,0.0,0.08377469,0.00055,0.00055,0.26076615,0.0,0.0,0.0014602996,0.0,0.0,0.016401112,0.0,0.0,0.09558263,0.00055,0.00055,0.0017683478,0.0,0.0,0.009928654,0.00055,0.00055,0.1337115,0.00055,0.00055,0.10347191,0.0,0.0,18.4377,0.0,0.0,23.933777,28.0,28.0,17.012564,0.0,0.0,10.342957
BV-BO-BC-BU-DP-BP-EL-FP-AC-RI-DL-DF,16.0,0.0,0.0,0.20097658,0.0,0.0,0.007306748,0.026314899,0.024126835,0.021640621,0.0,0.0,0.0998511,0.161782924,0.16169655,0.10640604,0.0,0.0,0.20821111,0.445742165,0.272499,0.1208597,0.0,0.0,0.06325559,0.043768658,0.05415464,0.051782772,0.004699089,0.0064274864,0.0042165546,0.0,0.0,0.011576925,0.0,0.0,0.07677998,0.181653358,0.08824916,0.077555016,0.0,0.0,0.08522733,0.003893531,0.0009027393,0.010527428,0.00013426,0.00092440494,0.0022237743,0.0,0.0,0.08377469,0.032356585,0.0034906878,0.26076618,0.0,0.0,0.0014602996,0.0,0.0,0.016401112,0.0,0.0,0.09558263,0.001611116,0.0019215599,0.0017738682,0.0,0.0,0.009928654,0.258584159,0.19849387,0.1340492,0.286778694,0.16677044,0.10371081,16.23735432,4.0439377,18.4388,41.22649308,15.930742,23.943018,42.43175075,32.8475,17.015484,13.71224011,4.99631,10.345025
BV-BO-BC-BU-DP-BP-EL-FP-AC-RI-DL-DF,32.0,0.0,0.0,0.20097658,0.0,0.0,0.007306748,0.076665507,0.024891796,0.021644194,0.0,0.0,0.0998511,0.128527467,0.17328307,0.106430486,0.0,0.0,0.20821111,0.416740575,0.2906403,0.12087744,0.0,0.0,0.06325559,0.052271936,0.056195416,0.05178537,0.010044411,0.0065824515,0.004217018,0.0,0.0,0.011576925,0.0,0.0,0.07677998,0.136317011,0.09160203,0.07757371,0.0,0.0,0.08522733,0.00409976,0.0020124016,0.01052843,0.000204988,0.0011981103,0.0022251674,0.0,0.0,0.08377469,0.306252051,0.041282117,0.2607856,0.0,0.0,0.0014602996,0.0,0.0,0.016401112,0.0,0.0,0.09558263,0.001434916,0.0020318306,0.0017743213,0.0,0.0,0.009928654,0.250905295,0.22233431,0.1341403,0.265254454,0.1922942,0.10377256,15.86196496,10.434166,18.442225,42.51488096,36.57487,23.961222,45.65597819,36.03983,17.023558,13.72554444,11.222106,10.349233
BV-BO-BC-BU-DP-BP-EL-FP-AC-RI-DL-DF,48.0,0.0,0.0,0.20097658,0.0,0.0,0.007306748,0.030022259,0.026012775,0.021652514,0.0,0.0,0.0998511,0.088923071,0.19051756,0.10651279,0.0,0.0,0.20821111,0.284496642,0.2985851,0.12124839,0.0,0.0,0.06325559,0.020300765,0.058904033,0.051792517,0.003145189,0.0068005295,0.0042182766,0.0,0.0,0.011576925,0.0,0.0,0.07677998,0.028592627,0.09652952,0.077615745,0.0,0.0,0.08522733,0.003431115,0.012461953,0.010616952,9.53e-05,0.0016843479,0.0022320899,0.0,0.0,0.08377469,0.463677106,0.512916,0.2628605,0.0,0.0,0.0014602996,0.0,0.0,0.016401112,0.0,0.0,0.09558263,0.000953088,0.0022015818,0.001775862,0.0,0.0,0.009928654,0.129048058,0.26864272,0.13449256,0.16726687,0.25071722,0.10418131,17.12129088,34.73468,18.533298,41.64904232,45.931095,23.992474,46.12810166,19.408506,17.078703,15.345882899999998,17.33471,10.359474
BV-BO-BC-BY-BL-BA-FP-AC-BH-CG-DL-DF,0.0,0.0,0.0,0.20097658,0.0,0.0,0.007306748,0.00055,0.00055,0.021586414,0.0,0.0,0.0998511,0.00055,0.00055,0.10621258,0.0,0.0,0.20821111,0.00055,0.00055,0.120461434,0.00055,0.00055,0.06325559,0.0,0.0,0.05174661,0.0,0.0,0.004206238,0.00055,0.00055,0.011576925,0.00055,0.00055,0.07677998,0.0,0.0,0.077355005,0.0,0.0,0.08522733,0.0,0.0,0.0105271265,0.00055,0.00055,0.0022225427,0.0,0.0,0.08377469,0.00055,0.00055,0.26076615,0.00055,0.00055,0.0014602996,0.00055,0.00055,0.016401112,0.0,0.0,0.09558263,0.0,0.0,0.0017683478,0.0,0.0,0.009928654,0.00055,0.00055,0.1337115,0.00055,0.00055,0.10347191,0.0,0.0,18.4377,0.0,0.0,23.933777,28.0,28.0,17.012564,0.0,0.0,10.342957
BV-BO-BC-BY-BL-BA-FP-AC-BH-CG-DL-DF,16.0,0.0,0.0,0.20097658,0.0,0.0,0.007306748,0.078014191,0.023028672,0.02163381,0.0,0.0,0.0998511,0.156028382,0.15083523,0.10636948,0.0,0.0,0.20821111,0.306267726,0.25103292,0.120766655,0.120191475,0.10844523,0.06334956,0.0,0.0,0.05174661,0.0,0.0,0.004206238,0.005099868,0.013121912,0.011598288,0.172154991,0.08285108,0.076923616,0.0,0.0,0.077355005,0.0,0.0,0.08522733,0.0,0.0,0.0105271265,0.002205348,0.00091898086,0.0022237308,0.0,0.0,0.08377469,0.091935451,0.0034325672,0.26076618,0.00096484,0.00076561514,0.0014608324,0.017918454,0.020978315,0.016419174,0.0,0.0,0.09558263,0.0,0.0,0.0017683478,0.0,0.0,0.009928654,0.5354861,0.1848186,0.13399038,0.248101668,0.15527561,0.10366184,19.41169216,3.461016,18.43853,48.74993096,15.9530325,23.942406,26.27989104,32.10426,17.014812,11.83862928,5.294382,10.34498
BV-BO-BC-BY-BL-BA-FP-AC-BH-CG-DL-DF,32.0,0.0,0.0,0.20097658,0.0,0.0,0.007306748,0.031364372,0.02378697,0.021637069,0.0,0.0,0.0998511,0.097835456,0.16219756,0.106390215,0.0,0.0,0.20821111,0.268022815,0.26407927,0.120768026,0.085182783,0.1133208,0.06335525,0.0,0.0,0.05174661,0.0,0.0,0.004206238,0.019068112,0.013522448,0.011599529,0.075381417,0.085353926,0.07693537,0.0,0.0,0.077355005,0.0,0.0,0.08522733,0.0,0.0,0.0105271265,0.002494893,0.0011854674,0.0022250442,0.0,0.0,0.08377469,0.349106844,0.03819856,0.26078168,0.00053462,0.0009254566,0.0014615182,0.019246319,0.02688061,0.016420081,0.0,0.0,0.09558263,0.0,0.0,0.0017683478,0.0,0.0,0.009928654,0.580775501,0.20827007,0.13406557,0.259290688,0.17834963,0.103703775,19.91755296,9.097508,18.441189,49.6916146,36.60471,23.958063,27.35828787,34.773952,17.021456,12.16559384,11.903019,10.348616
BV-BO-BC-BY-BL-BA-FP-AC-BH-CG-DL-DF,48.0,0.0,0.0,0.20097658,0.0,0.0,0.007306748,0.02322757,0.024862751,0.02164406,0.0,0.0,0.0998511,0.118620187,0.17901212,0.10646192,0.0,0.0,0.20821111,0.307809633,0.26977438,0.12106213,0.091669113,0.11914809,0.06337621,0.0,0.0,0.05174661,0.0,0.0,0.004206238,0.015603253,0.014089336,0.011602668,0.050887883,0.08852336,0.07695427,0.0,0.0,0.077355005,0.0,0.0,0.08522733,0.0,0.0,0.0105271265,0.002127716,0.0016605634,0.0022315749,0.0,0.0,0.08377469,0.576079203,0.46076646,0.26243502,0.000709239,0.0011749262,0.0014644171,0.02890148,0.035044078,0.016441954,0.0,0.0,0.09558263,0.0,0.0,0.0017683478,0.0,0.0,0.009928654,0.346463147,0.2534591,0.13435492,0.296461812,0.22983219,0.103984,21.092888,31.336079,18.51595,51.06959808,46.989666,23.988523,27.35823222,19.862041,17.072445,13.66278525,18.322533,10.357807
BV-BU-DP-BA-CA-EL-FP-CH-CG-RI-DL-DF,0.0,0.0,0.0,0.20097658,0.0,0.0,0.007306748,0.00055,0.00055,0.021586414,0.0,0.0,0.0998511,0.0,0.0,0.10621258,0.0,0.0,0.20821111,0.0,0.0,0.120461434,0.0,0.0,0.06325559,0.00055,0.00055,0.05174661,0.00055,0.00055,0.004206238,0.0,0.0,0.011576925,0.00055,0.00055,0.07677998,0.0,0.0,0.077355005,0.00055,0.00055,0.08522733,0.00055,0.00055,0.0105271265,0.00055,0.00055,0.0022225427,0.00055,0.00055,0.08377469,0.0,0.0,0.26076615,0.0,0.0,0.0014602996,0.00055,0.00055,0.016401112,0.0,0.0,0.09558263,0.00055,0.00055,0.0017683478,0.0,0.0,0.009928654,0.00055,0.00055,0.1337115,0.00055,0.00055,0.10347191,0.0,0.0,18.4377,0.0,0.0,23.933777,28.0,28.0,17.012564,0.0,0.0,10.342957
BV-BU-DP-BA-CA-EL-FP-CH-CG-RI-DL-DF,16.0,0.0,0.0,0.20097658,0.0,0.0,0.007306748,0.027613014,0.033071045,0.021710793,0.0,0.0,0.0998511,0.0,0.0,0.10621258,0.0,0.0,0.20821111,0.0,0.0,0.120461434,0.0,0.0,0.06325559,0.163253526,0.079456,0.05186122,0.009967625,0.007888815,0.004225012,0.0,0.0,0.011576925,0.358430389,0.13483931,0.07726961,0.0,0.0,0.077355005,0.020608737,0.030912882,0.085315876,0.004310324,0.00086073513,0.010527467,0.001077581,0.0009509727,0.0022240658,0.13119549,0.09301214,0.08400301,0.0,0.0,0.26076615,0.0,0.0,0.0014602996,0.035021383,0.029367227,0.016452558,0.0,0.0,0.09558263,0.005522603,0.0021256479,0.0017763507,0.0,0.0,0.009928654,0.386447496,0.32175478,0.1346479,0.12607698,0.2671613,0.104154766,1.12429864,2.190821,18.4385,53.59144236,18.514801,23.951252,39.45163389,31.573904,17.014965,7.871092589999999,2.9764905,10.344404
BV-BU-DP-BA-CA-EL-FP-CH-CG-RI-DL-DF,32.0,0.0,0.0,0.20097658,0.0,0.0,0.007306748,0.038683229,0.0339271,0.021717597,0.0,0.0,0.0998511,0.0,0.0,0.10621258,0.0,0.0,0.20821111,0.0,0.0,0.120461434,0.0,0.0,0.06325559,0.156845312,0.08213421,0.05186917,0.012410319,0.0080508925,0.004225703,0.0,0.0,0.011576925,0.15961783,0.13782772,0.07730311,0.0,0.0,0.077355005,0.053073919,0.04683903,0.08536024,0.006601234,0.0014068242,0.010528081,0.000792148,0.0012296179,0.0022256703,0.214540095,0.12799163,0.08411534,0.0,0.0,0.26076615,0.0,0.0,0.0014602996,0.048981154,0.03764403,0.01646059,0.0,0.0,0.09558263,0.002772518,0.0022327174,0.0017768929,0.0,0.0,0.009928654,0.359107112,0.34726393,0.13482654,0.233815697,0.30141386,0.10434606,0.7934276,4.7015295,18.440926,51.39340304,44.24461,23.994497,45.71303057,36.235523,17.02411,9.83286864,7.0172772,10.3495
BV-BU-DP-BA-CA-EL-FP-CH-CG-RI-DL-DF,48.0,0.0,0.0,0.20097658,0.0,0.0,0.007306748,0.049358036,0.035046056,0.021729598,0.0,0.0,0.0998511,0.0,0.0,0.10621258,0.0,0.0,0.20821111,0.0,0.0,0.120461434,0.0,0.0,0.06325559,0.119311512,0.08580863,0.051889498,0.008640615,0.008271906,0.0042273463,0.0,0.0,0.011576925,0.138604941,0.14143078,0.07734993,0.0,0.0,0.077355005,0.021660721,0.08159734,0.08562658,0.01313847,0.0029745908,0.010533271,0.001065281,0.0017924522,0.0022355637,0.271410016,0.19374883,0.08458716,0.0,0.0,0.26076615,0.0,0.0,0.0014602996,0.072320767,0.051749527,0.016545696,0.0,0.0,0.09558263,0.003077479,0.0023999603,0.0017786921,0.0,0.0,0.009928654,0.296148216,0.39203474,0.13530609,0.292360549,0.3652136,0.1051578,0.98530664,6.59923,18.44437,52.34810444,70.9238,24.087894,48.20825414,40.457783,17.042007,12.60873849,11.37039,10.359941
PC-BF-BO-BU-BA-BP-CA-FP-CG-CC-DL-DF,0.0,0.00055,0.00055,0.20097658,0.0,0.0,0.007306748,0.0,0.0,0.021586414,0.00055,0.00055,0.0998511,0.00055,0.00055,0.10621258,0.0,0.0,0.20821111,0.0,0.0,0.120461434,0.0,0.0,0.06325559,0.00055,0.00055,0.05174661,0.0,0.0,0.004206238,0.0,0.0,0.011576925,0.00055,0.00055,0.07677998,0.00055,0.00055,0.077355005,0.00055,0.00055,0.08522733,0.0,0.0,0.0105271265,0.00055,0.00055,0.0022225427,0.0,0.0,0.08377469,0.0,0.0,0.26076615,0.0,0.0,0.0014602996,0.00055,0.00055,0.016401112,0.0,0.0,0.09558263,0.0,0.0,0.0017683478,0.00055,0.00055,0.009928654,0.00055,0.00055,0.1337115,0.00055,0.00055,0.10347191,0.0,0.0,18.4377,0.0,0.0,23.933777,28.0,28.0,17.012564,0.0,0.0,10.342957
PC-BF-BO-BU-BA-BP-CA-FP-CG-CC-DL-DF,16.0,0.024847546,0.11109379,0.20112348,0.0,0.0,0.007306748,0.0,0.0,0.021586414,0.318677911,0.1358272,0.099962056,0.233935845,0.14525433,0.10635536,0.0,0.0,0.20821111,0.0,0.0,0.120461434,0.0,0.0,0.06325559,0.064777226,0.04964932,0.05177401,0.0,0.0,0.004206238,0.0,0.0,0.011576925,0.1877129,0.080082715,0.07691006,0.059786016,0.080123894,0.077512324,0.011067466,0.021840753,0.085262,0.0,0.0,0.0105271265,0.00119355,0.00091888965,0.002223715,0.0,0.0,0.08377469,0.0,0.0,0.26076615,0.0,0.0,0.0014602996,0.036674543,0.020559425,0.016418332,0.0,0.0,0.09558263,0.0,0.0,0.0017683478,0.014214098,0.018339097,0.009954747,0.19628476,0.17735453,0.13397066,0.115991381,0.14918378,0.10365382,0.41472696,2.1949728,18.438301,54.95272024,17.336967,23.94345,47.06975531,33.623337,17.014902,12.03608303,4.886058,10.344925
PC-BF-BO-BU-BA-BP-CA-FP-CG-CC-DL-DF,32.0,0.028952329,0.12580897,0.201162,0.0,0.0,0.007306748,0.0,0.0,0.021586414,0.396607248,0.15393652,0.09998608,0.323433211,0.15459448,0.106370725,0.0,0.0,0.20821111,0.0,0.0,0.120461434,0.0,0.0,0.06325559,0.064250374,0.05118045,0.051775444,0.0,0.0,0.004206238,0.0,0.0,0.011576925,0.067423232,0.08160589,0.07691714,0.144761646,0.08237484,0.07752332,0.008527056,0.03413127,0.08527971,0.0,0.0,0.0105271265,0.000396607,0.0012022236,0.0022251839,0.0,0.0,0.08377469,0.0,0.0,0.26076615,0.0,0.0,0.0014602996,0.031926883,0.026704561,0.016419716,0.0,0.0,0.09558263,0.0,0.0,0.0017683478,0.014872772,0.018728921,0.009955549,0.252440513,0.1959257,0.13402663,0.123344854,0.1673064,0.10368693,1.63867416,4.698544,18.440134,65.2522112,40.377502,23.960897,52.73987816,41.069954,17.02161,11.26604922,11.251283,10.349487
PC-BF-BO-BU-BA-BP-CA-FP-CG-CC-DL-DF,48.0,0.034804144,0.15338281,0.20128353,0.0,0.0,0.007306748,0.0,0.0,0.021586414,0.4375,0.18581404,0.100098126,0.340763007,0.1698772,0.10644161,0.0,0.0,0.20821111,0.0,0.0,0.120461434,0.0,0.0,0.06325559,0.054786751,0.053369924,0.05178083,0.0,0.0,0.004206238,0.0,0.0,0.011576925,0.026599365,0.083580226,0.076928325,0.097531004,0.08554453,0.077546254,0.003308379,0.06298782,0.08544496,0.0,0.0,0.0105271265,0.000926346,0.001786594,0.002234826,0.0,0.0,0.08377469,0.0,0.0,0.26076615,0.0,0.0,0.0014602996,0.062329855,0.03768769,0.016463332,0.0,0.0,0.09558263,0.0,0.0,0.0017683478,0.00926346,0.019282956,0.0099583,0.157346491,0.2311275,0.13421822,0.229336812,0.20118402,0.10385512,1.41900256,6.7909293,18.443077,62.52077468,64.10637,23.999258,59.88472601,48.50131,17.035671,16.39035763,17.68252,10.359297
PC-BF-BT-BC-BU-DP-BL-CH-BH-RI-CC,0.0,0.0006,0.0006,0.20097658,0.0,0.0,0.007306748,0.0,0.0,0.021586414,0.0006,0.0006,0.0998511,0.0,0.0,0.10621258,0.0006,0.0006,0.20821111,0.0006,0.0006,0.120461434,0.0,0.0,0.06325559,0.0006,0.0006,0.05174661,0.0006,0.0006,0.004206238,0.0006,0.0006,0.011576925,0.0,0.0,0.07677998,0.0,0.0,0.077355005,0.0,0.0,0.08522733,0.0,0.0,0.0105271265,0.0,0.0,0.0022225427,0.0006,0.0006,0.08377469,0.0,0.0,0.26076615,0.0006,0.0006,0.0014602996,0.0,0.0,0.016401112,0.0,0.0,0.09558263,0.0006,0.0006,0.0017683478,0.0006,0.0006,0.009928654,0.0,0.0,0.1337115,0.0,0.0,0.10347191,0.0,0.0,18.4377,0.0,0.0,23.933777,28.0,28.0,17.012564,0.0,0.0,10.342957
PC-BF-BT-BC-BU-DP-BL-CH-BH-RI-CC,16.0,0.223630713,0.17772508,0.20135492,0.0,0.0,0.007306748,0.0,0.0,0.021586414,0.227436341,0.21735281,0.10017094,0.0,0.0,0.10621258,0.224131454,0.0029459104,0.20821118,0.380462642,0.41240647,0.1210893,0.0,0.0,0.06325559,0.077514632,0.07435394,0.05182176,0.007310812,0.007931606,0.0042234724,0.059588121,0.017497748,0.011619777,0.0,0.0,0.07677998,0.0,0.0,0.077355005,0.0,0.0,0.08522733,0.0,0.0,0.0105271265,0.0,0.0,0.0022225427,0.073007967,0.088585295,0.083950736,0.0,0.0,0.26076615,0.001001481,0.00085077423,0.0014610348,0.0,0.0,0.016401112,0.0,0.0,0.09558263,0.002303406,0.002232882,0.0017765401,0.029343394,0.02562348,0.0099901715,0.0,0.0,0.1337115,0.0,0.0,0.10347191,1.39307296,3.4055133,18.439053,48.2750664,15.1449,23.943562,44.61215856,34.264587,17.017078,21.51525039,8.136533,10.348099
PC-BF-BT-BC-BU-DP-BL-CH-BH-RI-CC,32.0,0.242523038,0.21459228,0.20150611,0.0,0.0,0.007306748,0.0,0.0,0.021586414,0.215402182,0.24895501,0.100250214,0.0,0.0,0.10621258,0.343704692,0.027478304,0.20822194,0.467313208,0.46804383,0.12131958,0.0,0.0,0.06325559,0.086751968,0.077782944,0.051828615,0.007301769,0.008163961,0.004224462,0.040507432,0.01814398,0.011622989,0.0,0.0,0.07677998,0.0,0.0,0.077355005,0.0,0.0,0.08522733,0.0,0.0,0.0105271265,0.0,0.0,0.0022225427,0.190889101,0.13051881,0.08404767,0.0,0.0,0.26076615,0.002260071,0.0010532213,0.0014621204,0.0,0.0,0.016401112,0.0,0.0,0.09558263,0.00312933,0.002385653,0.0017774142,0.039985877,0.026539821,0.009994348,0.0,0.0,0.1337115,0.0,0.0,0.10347191,1.64920368,6.9967613,18.442312,54.72584716,35.993496,23.964664,54.49250813,39.994892,17.028425,25.41522868,20.067997,10.357424
PC-BF-BT-BC-BU-DP-BL-CH-BH-RI-CC,48.0,0.125542369,0.28619817,0.20208667,0.0,0.0,0.007306748,0.0,0.0,0.021586414,0.207002892,0.30057847,0.10054971,0.0,0.0,0.10621258,0.434910577,0.4603449,0.21378738,0.427184893,0.5995007,0.12364308,0.0,0.0,0.06325559,0.054193403,0.08231841,0.051846888,0.00340839,0.008479419,0.00422691,0.01363356,0.019053632,0.011631658,0.0,0.0,0.07677998,0.0,0.0,0.077355005,0.0,0.0,0.08522733,0.0,0.0,0.0105271265,0.0,0.0,0.0022225427,0.286645608,0.21393718,0.08458766,0.0,0.0,0.26076615,0.00113613,0.0014179676,0.0014681588,0.0,0.0,0.016401112,0.0,0.0,0.09558263,0.001704195,0.0026389158,0.0017809032,0.027948799,0.027790518,0.010006548,0.0,0.0,0.1337115,0.0,0.0,0.10347191,1.20387448,8.647433,18.44923,51.52303692,53.643627,24.011534,58.47495569,40.91717,17.064281,26.93569607,36.233032,10.401639
PC-BO-BC-BU-DP-BL-CA-AC-BH-CG-RI-CC-DF,0.0,0.000507692,0.000507692,0.20097658,0.0,0.0,0.007306748,0.0,0.0,0.021586414,0.0,0.0,0.0998511,0.000507692,0.000507692,0.10621258,0.0,0.0,0.20821111,0.000507692,0.000507692,0.120461434,0.0,0.0,0.06325559,0.000507692,0.000507692,0.05174661,0.000507692,0.000507692,0.004206238,0.000507692,0.000507692,0.011576925,0.0,0.0,0.07677998,0.0,0.0,0.077355005,0.000507692,0.000507692,0.08522733,0.0,0.0,0.0105271265,0.0,0.0,0.0022225427,0.0,0.0,0.08377469,0.000507692,0.000507692,0.26076615,0.000507692,0.000507692,0.0014602996,0.000507692,0.000507692,0.016401112,0.0,0.0,0.09558263,0.000507692,0.000507692,0.0017683478,0.000507692,0.000507692,0.009928654,0.0,0.0,0.1337115,0.000507692,0.000507692,0.10347191,0.0,0.0,18.4377,0.0,0.0,23.933777,28.0,28.0,17.012564,0.0,0.0,10.342957
PC-BO-BC-BU-DP-BL-CA-AC-BH-CG-RI-CC-DF,16.0,0.353223313,0.14274201,0.20123716,0.0,0.0,0.007306748,0.0,0.0,0.021586414,0.0,0.0,0.0998511,0.115742413,0.1868632,0.10647617,0.0,0.0,0.20821111,0.480049379,0.32247284,0.120946236,0.0,0.0,0.06325559,0.077222175,0.059909567,0.051793177,0.014717638,0.0065377285,0.0042176265,0.012718946,0.014306997,0.011605032,0.0,0.0,0.07677998,0.0,0.0,0.077355005,0.063049634,0.024776619,0.085278414,0.0,0.0,0.0105271265,0.0,0.0,0.0022225427,0.0,0.0,0.08377469,0.123010382,0.003170891,0.26076618,0.001271895,0.00071570213,0.0014608098,0.080129363,0.023237992,0.016426485,0.0,0.0,0.09558263,0.00236209,0.0018629745,0.0017739406,0.107747646,0.020872345,0.009968118,0.0,0.0,0.1337115,0.693727679,0.19255692,0.10378056,23.90332376,4.330345,18.439068,32.30355932,13.43265,23.941174,28.1723843,32.72408,17.015785,10.426700190000002,6.923014,10.346917
PC-BO-BC-BU-DP-BL-CA-AC-BH-CG-RI-CC-DF,32.0,0.445349039,0.17608967,0.20136069,0.0,0.0,0.007306748,0.0,0.0,0.021586414,0.0,0.0,0.0998511,0.061581757,0.20180173,0.10651178,0.0,0.0,0.20821111,0.204775324,0.3451966,0.1209719,0.0,0.0,0.06325559,0.041551705,0.062315494,0.051796664,0.005966399,0.006708423,0.004218175,0.007031827,0.014773944,0.0116067855,0.0,0.0,0.07677998,0.0,0.0,0.077355005,0.040060105,0.039215744,0.08530567,0.0,0.0,0.0105271265,0.0,0.0,0.0022225427,0.0,0.0,0.08377469,0.534418847,0.03507907,0.26078147,0.001065428,0.00087153376,0.0014614621,0.04474799,0.029792584,0.01642836,0.0,0.0,0.09558263,0.000426171,0.0019780733,0.0017744418,0.047518103,0.021534124,0.009970275,0.0,0.0,0.1337115,0.445135953,0.22177394,0.10385644,25.5111984,10.2112,18.442614,31.69792616,31.18275,23.95599,25.77871085,35.852596,17.02431,14.61425785,16.424877,10.35413
PC-BO-BC-BU-DP-BL-CA-AC-BH-CG-RI-CC-DF,48.0,0.211284126,0.26917684,0.20221741,0.0,0.0,0.007306748,0.0,0.0,0.021586414,0.0,0.0,0.0998511,0.031025569,0.224826,0.10663816,0.0,0.0,0.20821111,0.154662462,0.36489898,0.12155988,0.0,0.0,0.06325559,0.029939674,0.065437995,0.05180552,0.00217179,0.0069432855,0.004219573,0.004653835,0.015441334,0.011611499,0.0,0.0,0.07677998,0.0,0.0,0.077355005,0.049330655,0.07078707,0.08547298,0.0,0.0,0.0105271265,0.0,0.0,0.0022225427,0.0,0.0,0.08377469,0.610428073,0.42753428,0.26263854,0.000465384,0.0011217576,0.0014643633,0.052278084,0.03891714,0.01645508,0.0,0.0,0.09558263,0.001241023,0.00215984,0.00177622,0.034438382,0.022476563,0.009977136,0.0,0.0,0.1337115,0.47670787,0.28367952,0.104307815,26.92785392,28.656525,18.504042,31.49835728,41.3753,23.978287,25.4783307,21.993132,17.077211,15.0392688,26.720688,10.375176
PC-BV-BF-BO-BC-DP-BL-EL-CH-BH-CG-RI,0.0,0.00055,0.00055,0.20097658,0.0,0.0,0.007306748,0.00055,0.00055,0.021586414,0.00055,0.00055,0.0998511,0.00055,0.00055,0.10621258,0.0,0.0,0.20821111,0.00055,0.00055,0.120461434,0.0,0.0,0.06325559,0.0,0.0,0.05174661,0.00055,0.00055,0.004206238,0.00055,0.00055,0.011576925,0.0,0.0,0.07677998,0.0,0.0,0.077355005,0.0,0.0,0.08522733,0.00055,0.00055,0.0105271265,0.0,0.0,0.0022225427,0.00055,0.00055,0.08377469,0.0,0.0,0.26076615,0.00055,0.00055,0.0014602996,0.00055,0.00055,0.016401112,0.0,0.0,0.09558263,0.00055,0.00055,0.0017683478,0.0,0.0,0.009928654,0.0,0.0,0.1337115,0.0,0.0,0.10347191,0.0,0.0,18.4377,0.0,0.0,23.933777,28.0,28.0,17.012564,0.0,0.0,10.342957
PC-BV-BF-BO-BC-DP-BL-EL-CH-BH-CG-RI,16.0,0.370977968,0.14985766,0.20124562,0.0,0.0,0.007306748,0.021804542,0.027551522,0.021660192,0.272180836,0.18316852,0.10005621,0.268271056,0.19796437,0.106476225,0.0,0.0,0.20821111,0.55067747,0.3428809,0.1209192,0.0,0.0,0.06325559,0.0,0.0,0.05174661,0.01172934,0.007008655,0.0042191935,0.09067682,0.015290574,0.011608315,0.0,0.0,0.07677998,0.0,0.0,0.077355005,0.0,0.0,0.08522733,0.001654138,0.0008916791,0.010527453,0.0,0.0,0.0022225427,0.127970106,0.0754181,0.08389657,0.0,0.0,0.26076615,0.001654138,0.0007774124,0.0014608969,0.049022626,0.024861228,0.016428946,0.0,0.0,0.09558263,0.003007523,0.0020105974,0.0017747842,0.0,0.0,0.009928654,0.0,0.0,0.1337115,0.0,0.0,0.10347191,1.27063736,2.8064756,18.438528,53.08532572,14.608632,23.942184,39.32979007,33.616398,17.016035,26.758687029999997,9.7197,10.349136
PC-BV-BF-BO-BC-DP-BL-EL-CH-BH-CG-RI,32.0,0.370961055,0.17836097,0.20134436,0.0,0.0,0.007306748,0.021348625,0.028509751,0.021665532,0.177675654,0.20835847,0.10010033,0.262611044,0.21646996,0.1065191,0.0,0.0,0.20821111,0.48665683,0.38401008,0.1209944,0.0,0.0,0.06325559,0.0,0.0,0.05174661,0.008493539,0.00720342,0.004219891,0.028235278,0.01583393,0.011610578,0.0,0.0,0.07677998,0.0,0.0,0.077355005,0.0,0.0,0.08522733,0.002754661,0.0017608345,0.010528532,0.0,0.0,0.0022225427,0.293830539,0.108559236,0.08395481,0.0,0.0,0.26076615,0.002525106,0.0009630935,0.0014618165,0.053256785,0.032358233,0.016431464,0.0,0.0,0.09558263,0.002754661,0.0021509721,0.0017755063,0.0,0.0,0.009928654,0.0,0.0,0.1337115,0.0,0.0,0.10347191,1.25717616,5.9122148,18.440521,55.16469224,34.69803,23.958454,37.52224468,39.181103,17.025658,29.42929471,23.263224,10.356877
PC-BV-BF-BO-BC-DP-BL-EL-CH-BH-CG-RI,48.0,0.280777235,0.2347678,0.20172195,0.0,0.0,0.007306748,0.01368467,0.029775465,0.02167555,0.222818631,0.25047383,0.10028159,0.346946641,0.24764985,0.10673081,0.0,0.0,0.20821111,0.586508869,0.4937241,0.12240043,0.0,0.0,0.06325559,0.0,0.0,0.05174661,0.005956856,0.0074747005,0.0042217793,0.022056469,0.016617456,0.011617464,0.0,0.0,0.07677998,0.0,0.0,0.077355005,0.0,0.0,0.08522733,0.002414942,0.005151434,0.010550208,0.0,0.0,0.0022225427,0.262584673,0.17473014,0.08427887,0.0,0.0,0.26076615,0.001770957,0.0013047581,0.0014672618,0.061178526,0.045116726,0.016486345,0.0,0.0,0.09558263,0.003058926,0.0023868815,0.0017786392,0.0,0.0,0.009928654,0.0,0.0,0.1337115,0.0,0.0,0.10347191,1.34362568,8.285427,18.443933,52.12638488,56.803837,24.00065,40.52766374,43.029873,17.039377,34.79907913,38.372192,10.381933
PC-PJ-BC-BY-BU-CA-EL-AC-BH-ER-RI,0.0,0.0006,0.0006,0.20097658,0.0006,0.0006,0.007306748,0.0,0.0,0.021586414,0.0,0.0,0.0998511,0.0,0.0,0.10621258,0.0,0.0,0.20821111,0.0006,0.0006,0.120461434,0.0006,0.0006,0.06325559,0.0006,0.0006,0.05174661,0.0,0.0,0.004206238,0.0,0.0,0.011576925,0.0,0.0,0.07677998,0.0,0.0,0.077355005,0.0006,0.0006,0.08522733,0.0006,0.0006,0.0105271265,0.0,0.0,0.0022225427,0.0,0.0,0.08377469,0.0006,0.0006,0.26076615,0.0006,0.0006,0.0014602996,0.0,0.0,0.016401112,0.0006,0.0006,0.09558263,0.0006,0.0006,0.0017683478,0.0,0.0,0.009928654,0.0,0.0,0.1337115,0.0,0.0,0.10347191,0.0,0.0,18.4377,0.0,0.0,23.933777,28.0,28.0,17.012564,0.0,0.0,10.342957
PC-PJ-BC-BY-BU-CA-EL-AC-BH-ER-RI,16.0,0.928893238,0.17224334,0.20133482,0.032993476,0.01708148,0.0073272157,0.0,0.0,0.021586414,0.0,0.0,0.0998511,0.0,0.0,0.10621258,0.0,0.0,0.20821111,0.564580664,0.38459358,0.121025644,0.147893832,0.15767986,0.063483775,0.09021293,0.071462974,0.051812243,0.0,0.0,0.004206238,0.0,0.0,0.011576925,0.0,0.0,0.07677998,0.0,0.0,0.077355005,0.131743179,0.029546153,0.08529972,0.007613879,0.001052231,0.010527547,0.0,0.0,0.0022225427,0.0,0.0,0.08377469,0.408150059,0.0036818678,0.2607662,0.000692171,0.0008462543,0.0014610145,0.0,0.0,0.016401112,0.27640688,0.18421689,0.09600526,0.001845789,0.002207858,0.0017762394,0.0,0.0,0.009928654,0.0,0.0,0.1337115,0.0,0.0,0.10347191,39.88575104,5.720031,18.439913,6.5165036,12.488903,23.940762,7.46695592,32.25869,17.016188,24.87882554,7.2763,10.347279
PC-PJ-BC-BY-BU-CA-EL-AC-BH-ER-RI,32.0,0.711425737,0.22254947,0.20155543,0.027108727,0.018596945,0.0073290365,0.0,0.0,0.021586414,0.0,0.0,0.0998511,0.0,0.0,0.10621258,0.0,0.0,0.20821111,0.327979927,0.40733778,0.12110953,0.112536886,0.16502576,0.0634987,0.066166696,0.07446469,0.051817406,0.0,0.0,0.004206238,0.0,0.0,0.011576925,0.0,0.0,0.07677998,0.0,0.0,0.077355005,0.169251197,0.047333788,0.085340165,0.019261464,0.0029554674,0.010529695,0.0,0.0,0.0022225427,0.0,0.0,0.08377469,0.453179443,0.038206287,0.26078442,0.001248428,0.0010318884,0.0014619379,0.0,0.0,0.016401112,0.170856319,0.20480995,0.09608242,0.001248428,0.0023490028,0.0017769892,0.0,0.0,0.009928654,0.0,0.0,0.1337115,0.0,0.0,0.10347191,47.40061632,13.448791,18.446129,7.45156804,29.309505,23.956032,1.59716087,34.800186,17.025347,28.46613511,17.329535,10.355961
PC-PJ-BC-BY-BU-CA-EL-AC-BH-ER-RI,48.0,0.589384045,0.36737978,0.20343304,0.027184157,0.020246249,0.0073361904,0.0,0.0,0.021586414,0.0,0.0,0.0998511,0.0,0.0,0.10621258,0.0,0.0,0.20821111,0.238616491,0.4247983,0.12200261,0.122394369,0.17379321,0.06354653,0.049903284,0.07838204,0.051831268,0.0,0.0,0.004206238,0.0,0.0,0.011576925,0.0,0.0,0.07677998,0.0,0.0,0.077355005,0.167176,0.087467805,0.085620336,0.060277914,0.0225775,0.0108487485,0.0,0.0,0.0022225427,0.0,0.0,0.08377469,0.470404111,0.42733058,0.26274216,0.001707218,0.0013337649,0.0014662611,0.0,0.0,0.016401112,0.150366473,0.23228982,0.09628983,0.000787947,0.0025747458,0.0017797473,0.0,0.0,0.009928654,0.0,0.0,0.1337115,0.0,0.0,0.10347191,50.72597656,32.434326,18.515095,7.53032864,39.43556,23.981012,1.71732777,21.551376,17.071423,27.0112431,28.430052,10.384037
PC-PJ-BF-BO-BU-DP-BA-EL-CH-BH-CG,0.0,0.0006,0.0006,0.20097658,0.0006,0.0006,0.007306748,0.0,0.0,0.021586414,0.0006,0.0006,0.0998511,0.0006,0.0006,0.10621258,0.0,0.0,0.20821111,0.0,0.0,0.120461434,0.0,0.0,0.06325559,0.0006,0.0006,0.05174661,0.0006,0.0006,0.004206238,0.0,0.0,0.011576925,0.0006,0.0006,0.07677998,0.0,0.0,0.077355005,0.0,0.0,0.08522733,0.0006,0.0006,0.0105271265,0.0,0.0,0.0022225427,0.0006,0.0006,0.08377469,0.0,0.0,0.26076615,0.0006,0.0006,0.0014602996,0.0006,0.0006,0.016401112,0.0,0.0,0.09558263,0.0,0.0,0.0017683478,0.0,0.0,0.009928654,0.0,0.0,0.1337115,0.0,0.0,0.10347191,0.0,0.0,18.4377,0.0,0.0,23.933777,28.0,28.0,17.012564,0.0,0.0,10.342957
PC-PJ-BF-BO-BU-DP-BA-EL-CH-BH-CG,16.0,0.131269134,0.18711783,0.20137216,0.020797325,0.01824335,0.007330827,0.0,0.0,0.021586414,0.28322378,0.23228416,0.1001735,0.234696689,0.25146163,0.106642306,0.0,0.0,0.20821111,0.0,0.0,0.120461434,0.0,0.0,0.06325559,0.154190917,0.078549944,0.05182726,0.012970374,0.008166888,0.0042250785,0.0,0.0,0.011576925,0.184156954,0.13190843,0.07715635,0.0,0.0,0.077355005,0.0,0.0,0.08522733,0.004360729,0.00093701185,0.010527522,0.0,0.0,0.0022225427,0.156427188,0.092074975,0.08396673,0.0,0.0,0.26076615,0.002124458,0.0008511999,0.0014610491,0.03287319,0.029797561,0.016444959,0.0,0.0,0.09558263,0.0,0.0,0.0017683478,0.0,0.0,0.009928654,0.0,0.0,0.1337115,0.0,0.0,0.10347191,0.42151304,1.5179552,18.43838,44.91579088,15.717245,23.945412,41.56161848,33.521915,17.015669,12.15813301,8.686621,10.349015
PC-PJ-BF-BO-BU-DP-BA-EL-CH-BH-CG,32.0,0.145062239,0.21145134,0.20148137,0.024643103,0.019849649,0.0073329834,0.0,0.0,0.021586414,0.220389739,0.26261124,0.10024495,0.205359193,0.27151605,0.10670929,0.0,0.0,0.20821111,0.0,0.0,0.120461434,0.0,0.0,0.06325559,0.109408387,0.08119648,0.05183249,0.006641404,0.008348114,0.004225814,0.0,0.0,0.011576925,0.159568463,0.13490571,0.07718445,0.0,0.0,0.077355005,0.0,0.0,0.08522733,0.003320702,0.0015505699,0.01052847,0.0,0.0,0.0022225427,0.354616003,0.12692638,0.084055275,0.0,0.0,0.26076615,0.001223416,0.0010511957,0.0014621352,0.03652772,0.038718544,0.016449455,0.0,0.0,0.09558263,0.0,0.0,0.0017683478,0.0,0.0,0.009928654,0.0,0.0,0.1337115,0.0,0.0,0.10347191,1.00029792,3.1094885,18.440428,52.66086164,37.584503,23.969683,40.3873738,40.948254,17.025644,14.24384781,21.211046,10.359316
PC-PJ-BF-BO-BU-DP-BA-EL-CH-BH-CG,48.0,0.20420338,0.25689894,0.20185246,0.025470529,0.02202371,0.0073453886,0.0,0.0,0.021586414,0.282151981,0.31556618,0.100556836,0.327823275,0.30652663,0.1070357,0.0,0.0,0.20821111,0.0,0.0,0.120461434,0.0,0.0,0.06325559,0.089476212,0.08498496,0.051849548,0.005379551,0.008612562,0.0042280215,0.0,0.0,0.011576925,0.09463619,0.13884291,0.077231556,0.0,0.0,0.077355005,0.0,0.0,0.08522733,0.003183816,0.0033977248,0.010540017,0.0,0.0,0.0022225427,0.363723547,0.19368626,0.08449811,0.0,0.0,0.26076615,0.001427228,0.0014285349,0.001468653,0.055112955,0.054746956,0.016541826,0.0,0.0,0.09558263,0.0,0.0,0.0017683478,0.0,0.0,0.009928654,0.0,0.0,0.1337115,0.0,0.0,0.10347191,1.23614632,4.1387014,18.442688,53.4985608,60.72482,24.0223,41.10292892,48.440495,17.045706,19.31841484,35.27317,10.3862505
PC-PJ-BF-BO-BY-BU-AC-BH-RI-DL-DF,0.0,0.0006,0.0006,0.20097658,0.0006,0.0006,0.007306748,0.0,0.0,0.021586414,0.0006,0.0006,0.0998511,0.0006,0.0006,0.10621258,0.0,0.0,0.20821111,0.0,0.0,0.120461434,0.0006,0.0006,0.06325559,0.0006,0.0006,0.05174661,0.0,0.0,0.004206238,0.0,0.0,0.011576925,0.0,0.0,0.07677998,0.0,0.0,0.077355005,0.0,0.0,0.08522733,0.0,0.0,0.0105271265,0.0,0.0,0.0022225427,0.0,0.0,0.08377469,0.0006,0.0006,0.26076615,0.0006,0.0006,0.0014602996,0.0,0.0,0.016401112,0.0,0.0,0.09558263,0.0006,0.0006,0.0017683478,0.0,0.0,0.009928654,0.0006,0.0006,0.1337115,0.0006,0.0006,0.10347191,0.0,0.0,18.4377,0.0,0.0,23.933777,28.0,28.0,17.012564,0.0,0.0,10.342957
PC-PJ-BF-BO-BY-BU-AC-BH-RI-DL-DF,16.0,0.211014983,0.12627357,0.20116334,0.020814916,0.014430294,0.0073194173,0.0,0.0,0.021586414,0.348876094,0.15380202,0.099997155,0.12066618,0.16511796,0.10639478,0.0,0.0,0.20821111,0.0,0.0,0.120461434,0.124286166,0.118625246,0.06337,0.054601447,0.05596508,0.05178187,0.0,0.0,0.004206238,0.0,0.0,0.011576925,0.0,0.0,0.07677998,0.0,0.0,0.077355005,0.0,0.0,0.08522733,0.0,0.0,0.0105271265,0.0,0.0,0.0022225427,0.0,0.0,0.08377469,0.152491885,0.0037406397,0.2607662,0.001206662,0.00083538884,0.0014609346,0.0,0.0,0.016401112,0.0,0.0,0.09558263,0.002262491,0.0020662574,0.001774567,0.0,0.0,0.009928654,0.359585218,0.20291157,0.1340391,0.256113968,0.16931204,0.103696875,29.75742152,2.395152,18.438353,37.50445388,14.645595,23.941166,17.41829634,32.56372,17.014431,11.86131714,6.4565454,10.345957
PC-PJ-BF-BO-BY-BU-AC-BH-RI-DL-DF,32.0,0.254934197,0.14480206,0.20121783,0.013342683,0.015570336,0.0073202625,0.0,0.0,0.021586414,0.24852971,0.17148055,0.10002338,0.05906361,0.17526622,0.10641331,0.0,0.0,0.20821111,0.0,0.0,0.120461434,0.094644098,0.1221347,0.06337333,0.02988761,0.05744001,0.051783334,0.0,0.0,0.004206238,0.0,0.0,0.011576925,0.0,0.0,0.07677998,0.0,0.0,0.077355005,0.0,0.0,0.08522733,0.0,0.0,0.0105271265,0.0,0.0,0.0022225427,0.0,0.0,0.08377469,0.468950833,0.043274973,0.26078925,0.001245317,0.0010121936,0.0014617678,0.0,0.0,0.016401112,0.0,0.0,0.09558263,0.001245317,0.002180297,0.0017750174,0.0,0.0,0.009928654,0.492611858,0.22838573,0.1341364,0.172565367,0.18846871,0.10373371,32.05792016,6.3980527,18.440844,39.26244248,33.811657,23.954588,17.93265074,36.656414,17.020817,15.136972120000001,14.736736,10.351949
PC-PJ-BF-BO-BY-BU-AC-BH-RI-DL-DF,48.0,0.125911914,0.20447744,0.20160753,0.010638207,0.016780702,0.007324448,0.0,0.0,0.021586414,0.232611543,0.19832227,0.10011518,0.070815528,0.19150743,0.106488705,0.0,0.0,0.20821111,0.0,0.0,0.120461434,0.079389605,0.12656683,0.063391656,0.026516128,0.059537288,0.051788498,0.0,0.0,0.004206238,0.0,0.0,0.011576925,0.0,0.0,0.07677998,0.0,0.0,0.077355005,0.0,0.0,0.08522733,0.0,0.0,0.0105271265,0.0,0.0,0.0022225427,0.0,0.0,0.08377469,0.426004621,0.53009063,0.26290265,0.000158779,0.0012880841,0.0014652532,0.0,0.0,0.016401112,0.0,0.0,0.09558263,0.001746571,0.0023599311,0.0017767465,0.0,0.0,0.009928654,0.436960386,0.28167132,0.13455966,0.38583348,0.23289002,0.10396654,33.77785856,28.080416,18.526339,35.83016664,42.611004,23.980293,13.94135483,18.941916,17.09407,15.68195955,23.081173,10.367165
PC-PJ-BF-BT-BC-BY-DP-BL-BA-FP-AC-BH-RI-CC-DL-DF,0.0,0.0004125,0.0004125,0.20097658,0.0004125,0.0004125,0.007306748,0.0,0.0,0.021586414,0.0004125,0.0004125,0.0998511,0.0,0.0,0.10621258,0.0004125,0.0004125,0.20821111,0.0004125,0.0004125,0.120461434,0.0004125,0.0004125,0.06325559,0.0,0.0,0.05174661,0.0004125,0.0004125,0.004206238,0.0004125,0.0004125,0.011576925,0.0004125,0.0004125,0.07677998,0.0,0.0,0.077355005,0.0,0.0,0.08522733,0.0,0.0,0.0105271265,0.0004125,0.0004125,0.0022225427,0.0,0.0,0.08377469,0.0004125,0.0004125,0.26076615,0.0004125,0.0004125,0.0014602996,0.0,0.0,0.016401112,0.0,0.0,0.09558263,0.0004125,0.0004125,0.0017683478,0.0004125,0.0004125,0.009928654,0.0004125,0.0004125,0.1337115,0.0004125,0.0004125,0.10347191,0.0,0.0,18.4377,0.0,0.0,23.933777,28.0,28.0,17.012564,0.0,0.0,10.342957
PC-PJ-BF-BT-BC-BY-DP-BL-BA-FP-AC-BH-RI-CC-DL-DF,16.0,0.02538762,0.104533374,0.20111956,0.014711801,0.011044256,0.0073144864,0.0,0.0,0.021586414,0.161699613,0.12774828,0.099953294,0.0,0.0,0.10621258,0.1784945,0.0019942892,0.20821114,0.34761511,0.23580517,0.12075809,0.085666945,0.097617835,0.06333494,0.0,0.0,0.05174661,0.009634276,0.005085942,0.0042129084,0.010285241,0.010980415,0.011592828,0.243200384,0.07389674,0.07689785,0.0,0.0,0.077355005,0.0,0.0,0.08522733,0.0,0.0,0.0105271265,0.002343473,0.00069989276,0.0022232784,0.0,0.0,0.08377469,0.012107942,0.0026710117,0.26076618,0.000650965,0.0005796698,0.001460625,0.0,0.0,0.016401112,0.0,0.0,0.09558263,0.002473666,0.0014806394,0.0017717663,0.011847556,0.015915953,0.009949307,0.367925207,0.1693906,0.13396385,0.231222635,0.1413512,0.10364101,14.655578639999998,3.2005897,18.43851,41.53750092,16.377855,23.942482,35.6978967,33.66358,17.015057,9.82404307,5.46959,10.345189
PC-PJ-BF-BT-BC-BY-DP-BL-BA-FP-AC-BH-RI-CC-DL-DF,32.0,0.0557399,0.12427852,0.20117287,0.017527277,0.01205506,0.0073151533,0.0,0.0,0.021586414,0.116058998,0.14584339,0.099975295,0.0,0.0,0.10621258,0.167061795,0.017829796,0.20821501,0.26764626,0.25935367,0.120756954,0.068845882,0.10209627,0.063339286,0.0,0.0,0.05174661,0.005842426,0.005215132,0.0042132176,0.014685016,0.011319233,0.011593732,0.105163663,0.07612165,0.07690713,0.0,0.0,0.077355005,0.0,0.0,0.08522733,0.0,0.0,0.0105271265,0.002684358,0.0009142326,0.0022241394,0.0,0.0,0.08377469,0.107216407,0.03491548,0.2607806,0.00094742,0.00070780143,0.0014610661,0.0,0.0,0.016401112,0.0,0.0,0.09558263,0.002052744,0.0015689734,0.0017720616,0.009000494,0.016391044,0.009950256,0.145271126,0.19157495,0.13402963,0.192957953,0.16209102,0.103674255,15.333240559999998,7.9831147,18.440823,44.41543452,37.920895,23.955204,37.11854845,38.192123,17.021475,12.429373200000002,12.817945,10.349202
PC-PJ-BF-BT-BC-BY-DP-BL-BA-FP-AC-BH-RI-CC-DL-DF,48.0,0.047431858,0.18134937,0.2015162,0.012224706,0.013159727,0.0073181465,0.0,0.0,0.021586414,0.125792222,0.17336532,0.10005565,0.0,0.0,0.10621258,0.191194397,0.23136511,0.20919271,0.27041049,0.28149372,0.12107576,0.065891164,0.10747978,0.0633567,0.0,0.0,0.05174661,0.004034153,0.005392706,0.00421399,0.009046282,0.011800931,0.011596006,0.033495694,0.07894182,0.07692185,0.0,0.0,0.077355005,0.0,0.0,0.08522733,0.0,0.0,0.0105271265,0.001100224,0.0013013462,0.0022285038,0.0,0.0,0.08377469,0.228724244,0.51907206,0.26289493,0.000244494,0.0009112617,0.0014629741,0.0,0.0,0.016401112,0.0,0.0,0.09558263,0.000733482,0.0017062739,0.0017730584,0.0083128,0.017066857,0.009953236,0.13166008,0.23659462,0.13429578,0.236914797,0.20664382,0.103877276,15.81535592,27.60908,18.503036,44.52826036,45.95133,23.982214,37.91395019,22.329975,17.080523,13.1082371,21.984325,10.363911
PC-PJ-BL-BA-BP-CA-EL-FP-CH-AC-ER-RI,0.0,0.00055,0.00055,0.20097658,0.00055,0.00055,0.007306748,0.0,0.0,0.021586414,0.0,0.0,0.0998511,0.0,0.0,0.10621258,0.0,0.0,0.20821111,0.0,0.0,0.120461434,0.0,0.0,0.06325559,0.0,0.0,0.05174661,0.0,0.0,0.004206238,0.00055,0.00055,0.011576925,0.00055,0.00055,0.07677998,0.00055,0.00055,0.077355005,0.00055,0.00055,0.08522733,0.00055,0.00055,0.0105271265,0.00055,0.00055,0.0022225427,0.00055,0.00055,0.08377469,0.00055,0.00055,0.26076615,0.0,0.0,0.0014602996,0.0,0.0,0.016401112,0.00055,0.00055,0.09558263,0.00055,0.00055,0.0017683478,0.0,0.0,0.009928654,0.0,0.0,0.1337115,0.0,0.0,0.10347191,0.0,0.0,18.4377,0.0,0.0,23.933777,28.0,28.0,17.012564,0.0,0.0,10.342957
PC-PJ-BL-BA-BP-CA-EL-FP-CH-AC-ER-RI,16.0,1.538223251,0.23683517,0.20170322,0.030307879,0.020068048,0.007346432,0.0,0.0,0.021586414,0.0,0.0,0.0998511,0.0,0.0,0.10621258,0.0,0.0,0.20821111,0.0,0.0,0.120461434,0.0,0.0,0.06325559,0.0,0.0,0.05174661,0.0,0.0,0.004206238,0.007675372,0.020020317,0.011644458,0.193458733,0.1616786,0.07749772,0.098008595,0.16173656,0.07813553,0.021254876,0.035675332,0.0853525,0.003739284,0.0009304306,0.01052753,0.000196804,0.0009704255,0.0022242265,0.085413113,0.11183077,0.08411412,0.18263449,0.0036795666,0.2607662,0.0,0.0,0.0014602996,0.0,0.0,0.016401112,0.217075262,0.258803,0.09660265,0.001574435,0.0022265757,0.0017776821,0.0,0.0,0.009928654,0.0,0.0,0.1337115,0.0,0.0,0.10347191,36.7648784,3.9758246,18.439692,52.49782444,16.547335,23.951166,15.84337908,35.6228,17.019089,12.878093680000001,6.104213,10.348394
PC-PJ-BL-BA-BP-CA-EL-FP-CH-AC-ER-RI,32.0,0.576387893,0.28829983,0.20204388,0.02246188,0.022013027,0.007351677,0.0,0.0,0.021586414,0.0,0.0,0.0998511,0.0,0.0,0.10621258,0.0,0.0,0.20821111,0.0,0.0,0.120461434,0.0,0.0,0.06325559,0.0,0.0,0.05174661,0.0,0.0,0.004206238,0.00641768,0.020635441,0.01164866,0.187316038,0.16613168,0.07756212,0.087240339,0.16798344,0.07821702,0.065781221,0.05913795,0.08543809,0.042316578,0.0020992795,0.010529097,0.00080221,0.0012971805,0.0022262956,0.426575173,0.17001243,0.08436705,0.632743146,0.06017068,0.26082668,0.0,0.0,0.0014602996,0.0,0.0,0.016401112,0.17708786,0.2902045,0.096846834,0.0,0.0023713736,0.0017785529,0.0,0.0,0.009928654,0.0,0.0,0.1337115,0.0,0.0,0.10347191,52.3777972,9.551536,18.445755,32.01914648,39.97231,23.993729,1.6869169,42.545406,17.035023,15.7903282,15.59334,10.366669
PC-PJ-BL-BA-BP-CA-EL-FP-CH-AC-ER-RI,48.0,0.512467289,0.4646111,0.2053727,0.019078515,0.023987817,0.007365432,0.0,0.0,0.021586414,0.0,0.0,0.0998511,0.0,0.0,0.10621258,0.0,0.0,0.20821111,0.0,0.0,0.120461434,0.0,0.0,0.06325559,0.0,0.0,0.05174661,0.0,0.0,0.004206238,0.010100391,0.021566749,0.011659761,0.185173826,0.172108,0.07766797,0.074579651,0.17741849,0.07840243,0.043258238,0.112097286,0.08598082,0.031321413,0.014804039,0.010714142,0.000204048,0.0018866912,0.0022369341,0.093760191,0.32468513,0.08675354,0.259243357,0.88872683,0.26791906,0.0,0.0,0.0014602996,0.0,0.0,0.016401112,0.099677591,0.3311613,0.0974571,0.000612145,0.002603653,0.0017815877,0.0,0.0,0.009928654,0.0,0.0,0.1337115,0.0,0.0,0.10347191,57.23525808,39.413616,18.616503,21.92447248,44.219913,24.037642,1.41084838,14.833196,17.089933,15.841777389999999,27.79754,10.420497
PC-PJ-BO-BT-BL-BP-CH-AC-BH-CG-CC-DF,0.0,0.00055,0.00055,0.20097658,0.00055,0.00055,0.007306748,0.0,0.0,0.021586414,0.0,0.0,0.0998511,0.00055,0.00055,0.10621258,0.00055,0.00055,0.20821111,0.0,0.0,0.120461434,0.0,0.0,0.06325559,0.0,0.0,0.05174661,0.0,0.0,0.004206238,0.00055,0.00055,0.011576925,0.0,0.0,0.07677998,0.00055,0.00055,0.077355005,0.0,0.0,0.08522733,0.0,0.0,0.0105271265,0.0,0.0,0.0022225427,0.00055,0.00055,0.08377469,0.00055,0.00055,0.26076615,0.00055,0.00055,0.0014602996,0.00055,0.00055,0.016401112,0.0,0.0,0.09558263,0.0,0.0,0.0017683478,0.00055,0.00055,0.009928654,0.0,0.0,0.1337115,0.00055,0.00055,0.10347191,0.0,0.0,18.4377,0.0,0.0,23.933777,28.0,28.0,17.012564,0.0,0.0,10.342957
PC-PJ-BO-BT-BL-BP-CH-AC-BH-CG-CC-DF,16.0,0.669887734,0.18155862,0.20140389,0.033146112,0.017210182,0.0073310877,0.0,0.0,0.021586414,0.0,0.0,0.0998511,0.439065894,0.24204826,0.10672289,0.403517889,0.002691306,0.20821118,0.0,0.0,0.120461434,0.0,0.0,0.06325559,0.0,0.0,0.05174661,0.0,0.0,0.004206238,0.012970218,0.017141715,0.011621564,0.0,0.0,0.07677998,0.049959358,0.12648043,0.077816226,0.0,0.0,0.08522733,0.0,0.0,0.0105271265,0.0,0.0,0.0022225427,0.05236125,0.089021176,0.083966956,0.275256846,0.0036000228,0.2607662,0.000480378,0.00078246364,0.0014609443,0.036748951,0.028231062,0.016445698,0.0,0.0,0.09558263,0.0,0.0,0.0017683478,0.03074422,0.025293995,0.009995577,0.0,0.0,0.1337115,0.395351456,0.2487658,0.10404274,22.07985384,3.020253,18.438894,55.7077976,14.649805,23.94489,19.63488407,34.85126,17.017464,20.31873156,7.378484,10.348446
PC-PJ-BO-BT-BL-BP-CH-AC-BH-CG-CC-DF,32.0,0.19501642,0.21329126,0.20156156,0.016343392,0.0187252,0.0073335185,0.0,0.0,0.021586414,0.0,0.0,0.0998511,0.268340827,0.25893664,0.10679531,0.261715128,0.025917249,0.20822212,0.0,0.0,0.120461434,0.0,0.0,0.06325559,0.0,0.0,0.05174661,0.0,0.0,0.004206238,0.007067413,0.017569276,0.011623597,0.0,0.0,0.07677998,0.024515088,0.1300855,0.07785125,0.0,0.0,0.08522733,0.0,0.0,0.0105271265,0.0,0.0,0.0022225427,0.085471523,0.12917368,0.0840739,0.852727518,0.051822793,0.26080912,0.00066257,0.0009672147,0.0014618569,0.027827938,0.03675074,0.016454343,0.0,0.0,0.09558263,0.0,0.0,0.0017683478,0.035337064,0.025865681,0.009998195,0.0,0.0,0.1337115,0.433983313,0.28004396,0.10419552,24.87976008,7.3485403,18.442444,41.31161284,34.299206,23.970139,17.94437063,41.0645,17.029774,21.61295748,18.262493,10.361924
PC-PJ-BO-BT-BL-BP-CH-AC-BH-CG-CC-DF,48.0,0.143427769,0.3155024,0.20277509,0.01271694,0.020307204,0.007341679,0.0,0.0,0.021586414,0.0,0.0,0.0998511,0.307782148,0.28704605,0.107051276,0.328547785,0.3284605,0.21089625,0.0,0.0,0.120461434,0.0,0.0,0.06325559,0.0,0.0,0.05174661,0.0,0.0,0.004206238,0.00531214,0.018258318,0.011630294,0.0,0.0,0.07677998,0.01722421,0.13590589,0.07793381,0.0,0.0,0.08522733,0.0,0.0,0.0105271265,0.0,0.0,0.0022225427,0.341586673,0.22543254,0.0848246,0.661441865,0.71733963,0.26575702,0.001287791,0.0012617167,0.0014659768,0.026882646,0.048201516,0.016510533,0.0,0.0,0.09558263,0.0,0.0,0.0017683478,0.019316871,0.026805837,0.010008075,0.0,0.0,0.1337115,0.310518705,0.3513876,0.10499591,24.57851536,30.00999,18.549671,40.24458204,37.373608,23.988287,20.81031966,18.968632,17.090418,26.03988752,32.645206,10.406176
PC-PJ-BV-BF-BT-BC-DP-CA-EL-CH-AC-BH-CG-RI-DF,0.0,0.00044,0.00044,0.20097658,0.00044,0.00044,0.007306748,0.00044,0.00044,0.021586414,0.00044,0.00044,0.0998511,0.0,0.0,0.10621258,0.00044,0.00044,0.20821111,0.00044,0.00044,0.120461434,0.0,0.0,0.06325559,0.0,0.0,0.05174661,0.00044,0.00044,0.004206238,0.0,0.0,0.011576925,0.0,0.0,0.07677998,0.0,0.0,0.077355005,0.00044,0.00044,0.08522733,0.00044,0.00044,0.0105271265,0.0,0.0,0.0022225427,0.00044,0.00044,0.08377469,0.00044,0.00044,0.26076615,0.00044,0.00044,0.0014602996,0.00044,0.00044,0.016401112,0.0,0.0,0.09558263,0.00044,0.00044,0.0017683478,0.0,0.0,0.009928654,0.0,0.0,0.1337115,0.00044,0.00044,0.10347191,0.0,0.0,18.4377,0.0,0.0,23.933777,28.0,28.0,17.012564,0.0,0.0,10.342957
PC-PJ-BV-BF-BT-BC-DP-CA-EL-CH-AC-BH-CG-RI-DF,16.0,0.501511906,0.14384535,0.20125437,0.017587165,0.013630421,0.0073203477,0.026103056,0.024981134,0.02165218,0.229003406,0.17607883,0.100076824,0.0,0.0,0.10621258,0.246960828,0.002070043,0.20821115,0.402468396,0.3336774,0.121008456,0.0,0.0,0.06325559,0.0,0.0,0.05174661,0.005924098,0.0060810894,0.0042167176,0.0,0.0,0.011576925,0.0,0.0,0.07677998,0.0,0.0,0.077355005,0.03239741,0.023684481,0.085277006,0.000370256,0.00072985695,0.010527354,0.0,0.0,0.0022225427,0.065535332,0.070228495,0.08389305,0.13717989,0.0027179357,0.26076618,0.00092564,0.0006242028,0.0014607063,0.019253318,0.022262586,0.016426519,0.0,0.0,0.09558263,0.002036409,0.001673412,0.0017731239,0.0,0.0,0.009928654,0.0,0.0,0.1337115,0.230669559,0.19632153,0.103806846,16.1066376,3.5819194,18.438738,41.77171028,14.541768,23.942245,25.6849406,31.977352,17.01548,23.46888324,8.195452,10.348023
PC-PJ-BV-BF-BT-BC-DP-CA-EL-CH-AC-BH-CG-RI-DF,32.0,0.408705521,0.17401679,0.20136793,0.009352529,0.014809708,0.007321361,0.014776996,0.025815621,0.02165664,0.118028917,0.19914503,0.10012496,0.0,0.0,0.10621258,0.176575749,0.016317371,0.20821433,0.240734099,0.35330692,0.121017836,0.0,0.0,0.06325559,0.0,0.0,0.05174661,0.005424467,0.0062402193,0.004217212,0.0,0.0,0.011576925,0.0,0.0,0.07677998,0.0,0.0,0.077355005,0.048446101,0.03729751,0.085302874,0.000374101,0.0015522352,0.010528089,0.0,0.0,0.0022225427,0.132244761,0.1015431,0.08394839,0.475482579,0.029364333,0.26077604,0.000935253,0.0007622654,0.0014612265,0.022071969,0.028473608,0.016428296,0.0,0.0,0.09558263,0.001683455,0.0017814323,0.0017735766,0.0,0.0,0.009928654,0.0,0.0,0.1337115,0.364561584,0.22486207,0.103882425,17.4731392,8.111993,18.441055,44.76867128,33.87827,23.957064,24.86255603,34.669495,17.022575,31.224210560000003,19.89765,10.356097
PC-PJ-BV-BF-BT-BC-DP-CA-EL-CH-AC-BH-CG-RI-DF,48.0,0.299704794,0.25050056,0.2019932,0.008944223,0.01611244,0.0073255873,0.00997061,0.026946222,0.021665158,0.127418525,0.2340227,0.10027746,0.0,0.0,0.10621258,0.246772587,0.18487597,0.20887154,0.269206459,0.3773933,0.12163175,0.0,0.0,0.06325559,0.0,0.0,0.05174661,0.003079159,0.0064593595,0.004218473,0.0,0.0,0.011576925,0.0,0.0,0.07677998,0.0,0.0,0.077355005,0.014516035,0.06704674,0.085457824,0.001026386,0.006628166,0.010552838,0.0,0.0,0.0022225427,0.086069821,0.1698308,0.08427013,0.463779972,0.37668508,0.2623293,0.000586506,0.0009911923,0.0014637498,0.028005683,0.03734153,0.016453296,0.0,0.0,0.09558263,0.001759519,0.0019565215,0.0017753055,0.0,0.0,0.009928654,0.0,0.0,0.1337115,0.390906547,0.28201875,0.10428139,18.21414176,21.33445,18.473843,35.3468232,44.384163,23.976843,27.83471494,23.80065,17.05983,34.20577915,33.887863,10.381113
PC-PJ-BV-BF-BT-BL-CA-EL-FP-CH-BH-CC-DF,0.0,0.000507692,0.000507692,0.20097658,0.000507692,0.000507692,0.007306748,0.000507692,0.000507692,0.021586414,0.000507692,0.000507692,0.0998511,0.0,0.0,0.10621258,0.000507692,0.000507692,0.20821111,0.0,0.0,0.120461434,0.0,0.0,0.06325559,0.0,0.0,0.05174661,0.0,0.0,0.004206238,0.000507692,0.000507692,0.011576925,0.0,0.0,0.07677998,0.0,0.0,0.077355005,0.000507692,0.000507692,0.08522733,0.000507692,0.000507692,0.0105271265,0.000507692,0.000507692,0.0022225427,0.000507692,0.000507692,0.08377469,0.0,0.0,0.26076615,0.000507692,0.000507692,0.0014602996,0.0,0.0,0.016401112,0.0,0.0,0.09558263,0.0,0.0,0.0017683478,0.000507692,0.000507692,0.009928654,0.0,0.0,0.1337115,0.000507692,0.000507692,0.10347191,0.0,0.0,18.4377,0.0,0.0,23.933777,28.0,28.0,17.012564,0.0,0.0,10.342957
PC-PJ-BV-BF-BT-BL-CA-EL-FP-CH-BH-CC-DF,16.0,0.205954435,0.21546568,0.20156986,0.02002093,0.01842974,0.0073376107,0.067200686,0.034801766,0.021729413,0.359854452,0.2687318,0.10048642,0.0,0.0,0.10621258,0.372041105,0.0024242834,0.20821117,0.0,0.0,0.120461434,0.0,0.0,0.06325559,0.0,0.0,0.05174661,0.0,0.0,0.004206238,0.029944347,0.018419402,0.011632742,0.0,0.0,0.07677998,0.0,0.0,0.077355005,0.141365174,0.032536067,0.08533098,0.003307806,0.00082379463,0.010527455,0.002263236,0.00089319336,0.002223965,0.127785761,0.10110272,0.08404945,0.0,0.0,0.26076615,0.004178281,0.0007289674,0.0014609023,0.0,0.0,0.016401112,0.0,0.0,0.09558263,0.0,0.0,0.0017683478,0.022632355,0.027651766,0.010015512,0.0,0.0,0.1337115,0.33147696,0.3003529,0.104240395,0.70015112,2.394022,18.438778,45.05353328,16.535439,23.94821,33.23503546,33.006115,17.01624,23.186114389999997,8.565948,10.350582
PC-PJ-BV-BF-BT-BL-CA-EL-FP-CH-BH-CC-DF,32.0,0.190505404,0.2486526,0.20175757,0.018817744,0.019994168,0.0073402505,0.073718995,0.035665084,0.021736512,0.312917736,0.30362406,0.100654386,0.0,0.0,0.10621258,0.403320504,0.021418964,0.20821807,0.0,0.0,0.120461434,0.0,0.0,0.06325559,0.0,0.0,0.05174661,0.0,0.0,0.004206238,0.017847757,0.01891004,0.011635488,0.0,0.0,0.07677998,0.0,0.0,0.077355005,0.047917347,0.051755674,0.08538902,0.004655937,0.0015035034,0.010528359,0.000193997,0.0011795056,0.0022255864,0.302247881,0.14176163,0.08418442,0.0,0.0,0.26076615,0.003879947,0.00090108113,0.0014617215,0.0,0.0,0.016401112,0.0,0.0,0.09558263,0.0,0.0,0.0017683478,0.021533707,0.028317863,0.010019232,0.0,0.0,0.1337115,0.264418397,0.33769703,0.10446111,1.34385928,4.640099,18.441408,50.64574076,39.28434,23.98038,35.03694536,39.565166,17.028696,27.46253472,21.357492,10.367472
PC-PJ-BV-BF-BT-BL-CA-EL-FP-CH-BH-CC-DF,48.0,0.250241225,0.31102747,0.20240018,0.014325079,0.022050593,0.0073524253,0.019846203,0.036868803,0.021750452,0.401699092,0.36354828,0.10122539,0.0,0.0,0.10621258,0.648657487,0.36518723,0.21271625,0.0,0.0,0.120461434,0.0,0.0,0.06325559,0.0,0.0,0.05174661,0.0,0.0,0.004206238,0.01387742,0.019668853,0.01164427,0.0,0.0,0.07677998,0.0,0.0,0.077355005,0.01745869,0.0979677,0.085830346,0.00716254,0.0037360864,0.010541589,0.000298439,0.0017778687,0.0022362508,0.255314691,0.21908814,0.084780544,0.0,0.0,0.26076615,0.002835172,0.0012205357,0.0014665301,0.0,0.0,0.016401112,0.0,0.0,0.09558263,0.0,0.0,0.0017683478,0.023576693,0.029323174,0.01003195,0.0,0.0,0.1337115,0.276802309,0.4058065,0.10539102,1.31193784,5.6383944,18.44493,49.6557606,58.238037,24.03133,39.24518723,42.82633,17.069607,31.848515020000004,37.50961,10.419739
PC-PJ-BV-BF-DP-EL-FP-CH-AC-ER-CC-DF,0.0,0.00055,0.00055,0.20097658,0.00055,0.00055,0.007306748,0.00055,0.00055,0.021586414,0.00055,0.00055,0.0998511,0.0,0.0,0.10621258,0.0,0.0,0.20821111,0.0,0.0,0.120461434,0.0,0.0,0.06325559,0.0,0.0,0.05174661,0.00055,0.00055,0.004206238,0.0,0.0,0.011576925,0.0,0.0,0.07677998,0.0,0.0,0.077355005,0.0,0.0,0.08522733,0.00055,0.00055,0.0105271265,0.00055,0.00055,0.0022225427,0.00055,0.00055,0.08377469,0.00055,0.00055,0.26076615,0.0,0.0,0.0014602996,0.0,0.0,0.016401112,0.00055,0.00055,0.09558263,0.0,0.0,0.0017683478,0.00055,0.00055,0.009928654,0.0,0.0,0.1337115,0.00055,0.00055,0.10347191,0.0,0.0,18.4377,0.0,0.0,23.933777,28.0,28.0,17.012564,0.0,0.0,10.342957
PC-PJ-BV-BF-DP-EL-FP-CH-AC-ER-CC-DF,16.0,0.615415124,0.18316284,0.20138372,0.023284994,0.017168405,0.0073298574,0.040384912,0.031503964,0.021690788,0.482981719,0.22331361,0.100222215,0.0,0.0,0.10621258,0.0,0.0,0.20821111,0.0,0.0,0.120461434,0.0,0.0,0.06325559,0.0,0.0,0.05174661,0.014553121,0.007645345,0.0042230138,0.0,0.0,0.011576925,0.0,0.0,0.07677998,0.0,0.0,0.077355005,0.0,0.0,0.08522733,0.003092538,0.00093782175,0.010527494,0.001273398,0.000951814,0.0022240246,0.17791191,0.08938336,0.08396366,0.270506145,0.0034781145,0.26076618,0.0,0.0,0.0014602996,0.0,0.0,0.016401112,0.264502983,0.1981936,0.09610255,0.0,0.0,0.0017683478,0.060941196,0.025272159,0.009992729,0.0,0.0,0.1337115,0.401848066,0.24949716,0.10396748,22.19800872,4.3697834,18.43946,44.67109324,16.519684,23.946129,21.63353527,32.63421,17.0155,20.11522319,8.329937,10.349028
PC-PJ-BV-BF-DP-EL-FP-CH-AC-ER-CC-DF,32.0,0.320120432,0.22479147,0.2015769,0.0189701,0.01858878,0.007331654,0.015544943,0.032340202,0.021696253,0.300359911,0.25193167,0.100310706,0.0,0.0,0.10621258,0.0,0.0,0.20821111,0.0,0.0,0.120461434,0.0,0.0,0.06325559,0.0,0.0,0.05174661,0.007640735,0.00781301,0.0042236303,0.0,0.0,0.011576925,0.0,0.0,0.07677998,0.0,0.0,0.077355005,0.0,0.0,0.08522733,0.003425157,0.002229799,0.010529059,0.000790421,0.0012579387,0.002225777,0.212359727,0.13260071,0.084066704,0.43394103,0.04333367,0.26079032,0.0,0.0,0.0014602996,0.0,0.0,0.016401112,0.188383629,0.21930413,0.09620039,0.0,0.0,0.0017683478,0.037149779,0.025905037,0.009995476,0.0,0.0,0.1337115,0.363857051,0.28681025,0.10412184,23.09581528,9.863472,18.444056,41.6460558,38.660793,23.971228,20.58756013,36.83746,17.024796,27.06987791,20.688469,10.36183
PC-PJ-BV-BF-DP-EL-FP-CH-AC-ER-CC-DF,48.0,0.358778382,0.3474105,0.2031251,0.017739799,0.02011882,0.007338842,0.012490267,0.033634752,0.021709917,0.331806647,0.2964922,0.100602895,0.0,0.0,0.10621258,0.0,0.0,0.20821111,0.0,0.0,0.120461434,0.0,0.0,0.06325559,0.0,0.0,0.05174661,0.005792587,0.0080684265,0.0042257137,0.0,0.0,0.011576925,0.0,0.0,0.07677998,0.0,0.0,0.077355005,0.0,0.0,0.08522733,0.006697679,0.01338641,0.010660752,0.000905092,0.0018357644,0.0022358515,0.213239624,0.23821092,0.08499085,0.455442184,0.59660673,0.264304,0.0,0.0,0.0014602996,0.0,0.0,0.016401112,0.19712899,0.24879107,0.09649742,0.0,0.0,0.0017683478,0.058287911,0.02693349,0.01000717,0.0,0.0,0.1337115,0.406024173,0.37000164,0.1050896,22.77205152,30.470488,18.525845,37.00995236,48.301266,24.007349,22.40004724,18.357735,17.090275,30.08703907,35.351444,10.398619
PC-PJ-BV-BO-BC-BY-BU-BP-EL-FP-AC-BH-CG-ER,0.0,0.000471429,0.000471429,0.20097658,0.000471429,0.000471429,0.007306748,0.000471429,0.000471429,0.021586414,0.0,0.0,0.0998511,0.000471429,0.000471429,0.10621258,0.0,0.0,0.20821111,0.000471429,0.000471429,0.120461434,0.000471429,0.000471429,0.06325559,0.000471429,0.000471429,0.05174661,0.0,0.0,0.004206238,0.0,0.0,0.011576925,0.0,0.0,0.07677998,0.000471429,0.000471429,0.077355005,0.0,0.0,0.08522733,0.000471429,0.000471429,0.0105271265,0.000471429,0.000471429,0.0022225427,0.0,0.0,0.08377469,0.000471429,0.000471429,0.26076615,0.000471429,0.000471429,0.0014602996,0.000471429,0.000471429,0.016401112,0.000471429,0.000471429,0.09558263,0.0,0.0,0.0017683478,0.0,0.0,0.009928654,0.0,0.0,0.1337115,0.0,0.0,0.10347191,0.0,0.0,18.4377,0.0,0.0,23.933777,28.0,28.0,17.012564,0.0,0.0,10.342957
PC-PJ-BV-BO-BC-BY-BU-BP-EL-FP-AC-BH-CG-ER,16.0,0.325571939,0.12277748,0.2011638,0.023452216,0.012725921,0.007317091,0.096765025,0.022691121,0.021635436,0.0,0.0,0.0998511,0.15884442,0.15948,0.10638291,0.0,0.0,0.20821111,0.543342515,0.27354735,0.1208114,0.130465268,0.11313352,0.06335968,0.051240136,0.05193704,0.05177677,0.0,0.0,0.004206238,0.0,0.0,0.011576925,0.0,0.0,0.07677998,0.163574279,0.085688345,0.07754258,0.0,0.0,0.08522733,0.001379542,0.0008042167,0.0105273705,0.00078831,0.0008004365,0.0022235087,0.0,0.0,0.08377469,0.199836529,0.002990996,0.26076618,0.0,0.0006638944,0.0014607272,0.032714856,0.020501183,0.01641917,0.460964143,0.13205098,0.09579297,0.0,0.0,0.0017683478,0.0,0.0,0.009928654,0.0,0.0,0.1337115,0.0,0.0,0.10347191,27.34492336,4.8363514,18.439165,39.02568,14.085453,23.941267,19.65877647,33.31503,17.01535,24.68229167,7.6958165,10.3469515
PC-PJ-BV-BO-BC-BY-BU-BP-EL-FP-AC-BH-CG-ER,32.0,0.081640618,0.15467778,0.20126532,0.019221213,0.013869605,0.007317956,0.049935523,0.023462236,0.021638848,0.0,0.0,0.0998511,0.120677515,0.17245202,0.106404364,0.0,0.0,0.20821111,0.42623536,0.29868808,0.12080933,0.14227661,0.11805049,0.0633651,0.046963171,0.053972688,0.05177884,0.0,0.0,0.004206238,0.0,0.0,0.011576925,0.0,0.0,0.07677998,0.092539244,0.08920967,0.077561125,0.0,0.0,0.08522733,0.002576039,0.0020669668,0.010528433,0.000396314,0.0010453955,0.00222462,0.0,0.0,0.08377469,0.67888533,0.036031336,0.26078218,0.000396314,0.0008170539,0.0014613391,0.025958546,0.026476452,0.016420085,0.254037067,0.1469919,0.095831215,0.0,0.0,0.0017683478,0.0,0.0,0.009928654,0.0,0.0,0.1337115,0.0,0.0,0.10347191,28.9304308,11.856301,18.4431,29.442812,32.846752,23.95447,16.89358733,37.391834,17.022873,26.87886709,18.227594,10.35295
PC-PJ-BV-BO-BC-BY-BU-BP-EL-FP-AC-BH-CG-ER,48.0,0.13226124,0.25141898,0.2021431,0.014436453,0.015136669,0.0073220446,0.048704801,0.024600202,0.02164712,0.0,0.0,0.0998511,0.077723529,0.193198,0.106497645,0.0,0.0,0.20821111,0.364556891,0.32392654,0.12126173,0.137948327,0.12412696,0.063387565,0.02960202,0.056738697,0.051785372,0.0,0.0,0.004206238,0.0,0.0,0.011576925,0.0,0.0,0.07677998,0.072036442,0.09446974,0.07760567,0.0,0.0,0.08522733,0.004083037,0.01499103,0.010646418,0.000291646,0.0014983698,0.002230544,0.0,0.0,0.08377469,0.614059627,0.48711985,0.26278263,0.000583291,0.0010710346,0.0014643541,0.043455181,0.03497218,0.016443724,0.183445027,0.16742402,0.0959435,0.0,0.0,0.0017683478,0.0,0.0,0.009928654,0.0,0.0,0.1337115,0.0,0.0,0.10347191,32.80726808,33.847145,18.518658,25.28251872,42.715427,23.97885,14.04004825,21.792046,17.087572,28.29793656,29.645926,10.371384
PC-PJ-BV-BO-BY-BU-DP-BL-CA-EL-FP-CH-BH-CG-CC-DL,0.0,0.0004125,0.0004125,0.20097658,0.0004125,0.0004125,0.007306748,0.0004125,0.0004125,0.021586414,0.0,0.0,0.0998511,0.0004125,0.0004125,0.10621258,0.0,0.0,0.20821111,0.0,0.0,0.120461434,0.0004125,0.0004125,0.06325559,0.0004125,0.0004125,0.05174661,0.0004125,0.0004125,0.004206238,0.0004125,0.0004125,0.011576925,0.0,0.0,0.07677998,0.0,0.0,0.077355005,0.0004125,0.0004125,0.08522733,0.0004125,0.0004125,0.0105271265,0.0004125,0.0004125,0.0022225427,0.0004125,0.0004125,0.08377469,0.0,0.0,0.26076615,0.0004125,0.0004125,0.0014602996,0.0004125,0.0004125,0.016401112,0.0,0.0,0.09558263,0.0,0.0,0.0017683478,0.0004125,0.0004125,0.009928654,0.0004125,0.0004125,0.1337115,0.0,0.0,0.10347191,0.0,0.0,18.4377,0.0,0.0,23.933777,28.0,28.0,17.012564,0.0,0.0,10.342957
PC-PJ-BV-BO-BY-BU-DP-BL-CA-EL-FP-CH-BH-CG-CC-DL,16.0,0.11382052,0.15040627,0.20129025,0.015907743,0.013758912,0.0073214965,0.018620692,0.025521789,0.021658886,0.0,0.0,0.0998511,0.243672099,0.20359795,0.10654626,0.0,0.0,0.20821111,0.0,0.0,0.120461434,0.133427738,0.1413876,0.06346798,0.080895191,0.061692078,0.051799584,0.006412424,0.0060288887,0.004217053,0.010358531,0.01371548,0.011606036,0.0,0.0,0.07677998,0.0,0.0,0.077355005,0.035884909,0.024074318,0.08528119,0.001603106,0.000649877,0.010527326,0.000739895,0.0007185081,0.0022234223,0.125288893,0.07251539,0.08390573,0.0,0.0,0.26076615,0.001603106,0.0005888584,0.0014606772,0.030705644,0.02273773,0.016428053,0.0,0.0,0.09558263,0.0,0.0,0.0017683478,0.025896326,0.02038796,0.009967887,0.492400147,0.25532755,0.13427785,0.0,0.0,0.10347191,0.61747424,1.7518598,18.438417,42.6860582,16.205643,23.945723,34.35729933,34.71519,17.016104,17.38743592,6.8086553,10.347191
PC-PJ-BV-BO-BY-BU-DP-BL-CA-EL-FP-CH-BH-CG-CC-DL,32.0,0.173950813,0.16955253,0.2013726,0.013778282,0.015005611,0.007322783,0.008037331,0.02615062,0.021662425,0.0,0.0,0.0998511,0.233465338,0.21820481,0.10659024,0.0,0.0,0.20821111,0.0,0.0,0.120461434,0.118454954,0.14657016,0.06347968,0.06391592,0.06367294,0.05180262,0.006697776,0.0061548613,0.00421743,0.021050153,0.0140610095,0.011607295,0.0,0.0,0.07677998,0.0,0.0,0.077355005,0.040760752,0.03839281,0.085312046,0.002105015,0.0010826389,0.010527777,0.000574095,0.00094926445,0.0022244647,0.150412915,0.101593465,0.08397037,0.0,0.0,0.26076615,0.001339555,0.00072695105,0.0014612002,0.031001135,0.029834539,0.016430996,0.0,0.0,0.09558263,0.0,0.0,0.0017683478,0.022963804,0.020855224,0.009969247,0.628060033,0.29032645,0.13447222,0.0,0.0,0.10347191,1.3321384,3.660525,18.440613,59.62972876,39.479416,23.970715,44.5750734,43.746586,17.025234,21.367862240000004,15.756574,10.355774
PC-PJ-BV-BO-BY-BU-DP-BL-CA-EL-FP-CH-BH-CG-CC-DL,48.0,0.216793057,0.20466632,0.20161942,0.020742071,0.016731309,0.0073306095,0.014288982,0.02702446,0.021669442,0.0,0.0,0.0998511,0.510562245,0.24292359,0.106776886,0.0,0.0,0.20821111,0.0,0.0,0.120461434,0.187754157,0.15378271,0.06353169,0.056387705,0.066557616,0.051812764,0.00215103,0.0063384525,0.0042185243,0.037489373,0.014572711,0.011610899,0.0,0.0,0.07677998,0.0,0.0,0.077355005,0.016132722,0.073698916,0.08556911,0.00184374,0.0023631554,0.010532551,0.00122916,0.0014436136,0.0022314847,0.179918263,0.15958348,0.0842954,0.0,0.0,0.26076615,0.001075515,0.0009840464,0.0014641271,0.053775741,0.04298278,0.016493123,0.0,0.0,0.09558263,0.0,0.0,0.0017683478,0.019051977,0.021531928,0.00997385,0.540215725,0.36011955,0.13524793,0.0,0.0,0.10347191,1.3938088,4.9670606,18.44324,55.51558076,65.09198,24.0307,44.14043577,52.474525,17.044304,25.24069653,24.44753,10.375039
PC-PJ-BV-BT-BC-BA-CA-CH-AC-ER-RI-CC-DL,0.0,0.000507692,0.000507692,0.20097658,0.000507692,0.000507692,0.007306748,0.000507692,0.000507692,0.021586414,0.0,0.0,0.0998511,0.0,0.0,0.10621258,0.000507692,0.000507692,0.20821111,0.000507692,0.000507692,0.120461434,0.0,0.0,0.06325559,0.0,0.0,0.05174661,0.0,0.0,0.004206238,0.0,0.0,0.011576925,0.000507692,0.000507692,0.07677998,0.0,0.0,0.077355005,0.000507692,0.000507692,0.08522733,0.0,0.0,0.0105271265,0.0,0.0,0.0022225427,0.000507692,0.000507692,0.08377469,0.000507692,0.000507692,0.26076615,0.0,0.0,0.0014602996,0.0,0.0,0.016401112,0.000507692,0.000507692,0.09558263,0.000507692,0.000507692,0.0017683478,0.000507692,0.000507692,0.009928654,0.000507692,0.000507692,0.1337115,0.0,0.0,0.10347191,0.0,0.0,18.4377,0.0,0.0,23.933777,28.0,28.0,17.012564,0.0,0.0,10.342957
PC-PJ-BV-BT-BC-BA-CA-CH-AC-ER-RI-CC-DL,16.0,0.250194777,0.13114628,0.2011989,0.011749478,0.013667573,0.007319186,0.024051874,0.024361124,0.021644084,0.0,0.0,0.0998511,0.0,0.0,0.10621258,0.214531654,0.002475055,0.20821117,0.367827792,0.29252753,0.120904475,0.0,0.0,0.06325559,0.0,0.0,0.05174661,0.0,0.0,0.004206238,0.0,0.0,0.011576925,0.155784262,0.0918242,0.0769689,0.0,0.0,0.077355005,0.019213853,0.023549678,0.08527151,0.0,0.0,0.0105271265,0.0,0.0,0.0022225427,0.030548644,0.06670528,0.08387065,0.044648018,0.0032694233,0.26076618,0.0,0.0,0.0014602996,0.0,0.0,0.016401112,0.421737164,0.1417332,0.095843695,0.001244062,0.0018280922,0.0017735773,0.005114479,0.01972604,0.009961477,0.285028525,0.21141775,0.1340889,0.0,0.0,0.10347191,23.06659776,4.3450794,18.439089,44.34198504,18.194866,23.945755,19.0064212,32.913586,17.015469,15.69509423,6.170953,10.345894
PC-PJ-BV-BT-BC-BA-CA-CH-AC-ER-RI-CC-DL,32.0,0.15661756,0.16256018,0.20131081,0.017906355,0.014932601,0.007320406,0.027490039,0.025283057,0.021648752,0.0,0.0,0.0998511,0.0,0.0,0.10621258,0.245140529,0.022892592,0.20821649,0.348795629,0.3181574,0.120931014,0.0,0.0,0.06325559,0.0,0.0,0.05174661,0.0,0.0,0.004206238,0.0,0.0,0.011576925,0.050188236,0.095056996,0.07698676,0.0,0.0,0.077355005,0.008574874,0.03806859,0.08529694,0.0,0.0,0.0105271265,0.0,0.0,0.0022225427,0.056493291,0.10045059,0.083926074,0.360144727,0.041843396,0.2607847,0.0,0.0,0.0014602996,0.0,0.0,0.016401112,0.402262493,0.15943076,0.0959014,0.002774224,0.0019465135,0.0017740921,0.006052853,0.020406656,0.00996347,0.358631514,0.24342528,0.13421467,0.0,0.0,0.10347191,24.43172696,10.334455,18.442646,51.75863316,42.62255,23.967924,22.40645441,36.15567,17.022795,18.78295043,14.482135,10.352431
PC-PJ-BV-BT-BC-BA-CA-CH-AC-ER-RI-CC-DL,48.0,0.092571837,0.2529817,0.20213702,0.005503509,0.016285174,0.007325139,0.010019208,0.026550988,0.02165846,0.0,0.0,0.0998511,0.0,0.0,0.10621258,0.24342442,0.30940673,0.21045902,0.255842593,0.33623075,0.121442534,0.0,0.0,0.06325559,0.0,0.0,0.05174661,0.0,0.0,0.004206238,0.0,0.0,0.011576925,0.017216104,0.09907111,0.077015504,0.0,0.0,0.077355005,0.004797931,0.07049288,0.0854832,0.0,0.0,0.0105271265,0.0,0.0,0.0022225427,0.049390462,0.18395509,0.08448031,0.604539255,0.59021086,0.26358935,0.0,0.0,0.0014602996,0.0,0.0,0.016401112,0.248504582,0.18330893,0.09606601,0.00127004,0.0021328067,0.0017759198,0.004515699,0.021360308,0.009969763,0.171314345,0.30961004,0.13479505,0.0,0.0,0.10347191,25.56062816,30.51268,18.506313,42.13534076,50.121975,24.010416,21.47216511,20.44875,17.065857,22.72741472,25.219322,10.376662
PJ-BC-BP-EL-FP-AC-BH-ER-RI-CC-DF,0.0,0.0,0.0,0.20097658,0.0006,0.0006,0.007306748,0.0,0.0,0.021586414,0.0,0.0,0.0998511,0.0,0.0,0.10621258,0.0,0.0,0.20821111,0.0006,0.0006,0.120461434,0.0,0.0,0.06325559,0.0,0.0,0.05174661,0.0,0.0,0.004206238,0.0,0.0,0.011576925,0.0,0.0,0.07677998,0.0006,0.0006,0.077355005,0.0,0.0,0.08522733,0.0006,0.0006,0.0105271265,0.0006,0.0006,0.0022225427,0.0,0.0,0.08377469,0.0006,0.0006,0.26076615,0.0006,0.0006,0.0014602996,0.0,0.0,0.016401112,0.0006,0.0006,0.09558263,0.0006,0.0006,0.0017683478,0.0006,0.0006,0.009928654,0.0,0.0,0.1337115,0.0006,0.0006,0.10347191,0.0,0.0,18.4377,0.0,0.0,23.933777,28.0,28.0,17.012564,0.0,0.0,10.342957
PJ-BC-BP-EL-FP-AC-BH-ER-RI-CC-DF,16.0,0.0,0.0,0.20097658,0.03816385,0.017056422,0.007328873,0.0,0.0,0.021586414,0.0,0.0,0.0998511,0.0,0.0,0.10621258,0.0,0.0,0.20821111,0.835887445,0.38342446,0.12123073,0.0,0.0,0.06325559,0.0,0.0,0.05174661,0.0,0.0,0.004206238,0.0,0.0,0.011576925,0.0,0.0,0.07677998,0.155629207,0.11862551,0.07773849,0.0,0.0,0.08522733,0.003469441,0.0010913975,0.010527562,0.000495634,0.0010235216,0.0022241748,0.0,0.0,0.08377469,0.321914554,0.003738692,0.2607662,0.001486903,0.00084609695,0.0014610154,0.0,0.0,0.016401112,0.435414836,0.18374386,0.0960428,0.002725989,0.0022051404,0.0017762469,0.083018765,0.024804223,0.009989033,0.0,0.0,0.1337115,0.464657267,0.23130164,0.10394391,36.42101336,7.241832,18.440952,32.9392862,14.397367,23.943375,23.6212902,32.441902,17.016607,8.04930049,4.7836366,10.345414
PJ-BC-BP-EL-FP-AC-BH-ER-RI-CC-DF,32.0,0.0,0.0,0.20097658,0.031598928,0.01857912,0.0073311725,0.0,0.0,0.021586414,0.0,0.0,0.0998511,0.0,0.0,0.10621258,0.0,0.0,0.20821111,0.377524032,0.4046942,0.12137662,0.0,0.0,0.06325559,0.0,0.0,0.05174661,0.0,0.0,0.004206238,0.0,0.0,0.011576925,0.0,0.0,0.07677998,0.070908599,0.12412337,0.07778411,0.0,0.0,0.08522733,0.003628585,0.0037011476,0.010531017,0.000755955,0.0013260421,0.0022259478,0.0,0.0,0.08377469,0.786949374,0.040635627,0.2607866,0.000907146,0.0010302049,0.001461946,0.0,0.0,0.016401112,0.197001928,0.20441502,0.096136466,0.001058337,0.002339537,0.0017769709,0.066524059,0.025649233,0.009993226,0.0,0.0,0.1337115,0.371022817,0.2769145,0.10415985,37.68227232,17.74151,18.449678,24.35392376,33.014393,23.965088,20.18353371,34.85541,17.026432,7.34536986,11.319159,10.351158
PJ-BC-BP-EL-FP-AC-BH-ER-RI-CC-DF,48.0,0.0,0.0,0.20097658,0.02240653,0.020218259,0.007339056,0.0,0.0,0.021586414,0.0,0.0,0.0998511,0.0,0.0,0.10621258,0.0,0.0,0.20821111,0.297446682,0.41233215,0.12218315,0.0,0.0,0.06325559,0.0,0.0,0.05174661,0.0,0.0,0.004206238,0.0,0.0,0.011576925,0.0,0.0,0.07677998,0.037306872,0.1321411,0.07789783,0.0,0.0,0.08522733,0.004033175,0.044677682,0.012477691,0.000224065,0.0018691397,0.0022350193,0.0,0.0,0.08377469,0.482300553,0.45743564,0.26303098,0.000560163,0.0013237174,0.0014662653,0.0,0.0,0.016401112,0.115729726,0.23152947,0.09636657,0.001232359,0.0025502257,0.0017794896,0.043804766,0.026880339,0.010007611,0.0,0.0,0.1337115,0.413064376,0.3819799,0.10575798,43.73560752,42.00378,18.543701,19.1224942,42.18455,23.990774,15.12762733,20.15377,17.072119,8.62438006,18.4407,10.366446
PJ-BC-BY-BA-CA-EL-FP-AC-ER-CC-DF,0.0,0.0,0.0,0.20097658,0.0006,0.0006,0.007306748,0.0,0.0,0.021586414,0.0,0.0,0.0998511,0.0,0.0,0.10621258,0.0,0.0,0.20821111,0.0006,0.0006,0.120461434,0.0006,0.0006,0.06325559,0.0,0.0,0.05174661,0.0,0.0,0.004206238,0.0,0.0,0.011576925,0.0006,0.0006,0.07677998,0.0,0.0,0.077355005,0.0006,0.0006,0.08522733,0.0006,0.0006,0.0105271265,0.0006,0.0006,0.0022225427,0.0,0.0,0.08377469,0.0006,0.0006,0.26076615,0.0,0.0,0.0014602996,0.0,0.0,0.016401112,0.0006,0.0006,0.09558263,0.0,0.0,0.0017683478,0.0006,0.0006,0.009928654,0.0,0.0,0.1337115,0.0006,0.0006,0.10347191,0.0,0.0,18.4377,0.0,0.0,23.933777,28.0,28.0,17.012564,0.0,0.0,10.342957
PJ-BC-BY-BA-CA-EL-FP-AC-ER-CC-DF,16.0,0.0,0.0,0.20097658,0.020218565,0.015742982,0.007323463,0.0,0.0,0.021586414,0.0,0.0,0.0998511,0.0,0.0,0.10621258,0.0,0.0,0.20821111,0.508930164,0.32456654,0.120957136,0.176190352,0.13758439,0.06342484,0.0,0.0,0.05174661,0.0,0.0,0.004206238,0.0,0.0,0.011576925,0.366629978,0.10437676,0.07701912,0.0,0.0,0.077355005,0.124584872,0.026960542,0.08528464,0.006354406,0.0010563551,0.010527523,0.000770231,0.0010120581,0.0022240635,0.0,0.0,0.08377469,0.30539661,0.003628289,0.26076618,0.0,0.0,0.0014602996,0.0,0.0,0.016401112,0.385693196,0.16024397,0.09590258,0.0,0.0,0.0017683478,0.031964588,0.022682723,0.009973684,0.0,0.0,0.1337115,0.283059909,0.20029345,0.103787765,33.14176576,6.355622,18.44006,22.82110616,14.950756,23.942875,15.895601040000003,30.974215,17.015394,11.76774951,4.9708085,10.345117
PJ-BC-BY-BA-CA-EL-FP-AC-ER-CC-DF,32.0,0.0,0.0,0.20097658,0.013077876,0.017090637,0.007324985,0.0,0.0,0.021586414,0.0,0.0,0.0998511,0.0,0.0,0.10621258,0.0,0.0,0.20821111,0.35739966,0.33139786,0.12100444,0.092292437,0.14413829,0.06343739,0.0,0.0,0.05174661,0.0,0.0,0.004206238,0.0,0.0,0.011576925,0.144417113,0.10798466,0.07704251,0.0,0.0,0.077355005,0.152450665,0.04270498,0.08531652,0.009528167,0.0031536391,0.010529779,0.001681441,0.0013008484,0.002225647,0.0,0.0,0.08377469,0.540303093,0.035334624,0.26077938,0.0,0.0,0.0014602996,0.0,0.0,0.016401112,0.447637002,0.1781108,0.095966,0.0,0.0,0.0017683478,0.065949859,0.023456149,0.009976657,0.0,0.0,0.1337115,0.336848713,0.23774537,0.10390334,50.14434176,15.523912,18.446203,22.811398,34.119728,23.961884,1.08035787,32.28343,17.02284,15.47420239,11.637884,10.349405
PJ-BC-BY-BA-CA-EL-FP-AC-ER-CC-DF,48.0,0.0,0.0,0.20097658,0.007040146,0.018537955,0.0073306235,0.0,0.0,0.021586414,0.0,0.0,0.0998511,0.0,0.0,0.10621258,0.0,0.0,0.20821111,0.213998088,0.32895374,0.12148141,0.063361314,0.15190464,0.06347597,0.0,0.0,0.05174661,0.0,0.0,0.004206238,0.0,0.0,0.011576925,0.083029023,0.112517715,0.07708242,0.0,0.0,0.077355005,0.138903198,0.07798403,0.08554616,0.009833855,0.028317798,0.01112963,0.000111748,0.0018190916,0.0022336792,0.0,0.0,0.08377469,0.327310914,0.36949345,0.26217362,0.0,0.0,0.0014602996,0.0,0.0,0.016401112,0.240817692,0.20168862,0.09612898,0.0,0.0,0.0017683478,0.069954466,0.024549292,0.009986495,0.0,0.0,0.1337115,0.344184915,0.3206622,0.104754455,54.66457768,36.151726,18.50493,19.79975656,44.987343,23.988035,0.87911634,20.119978,17.057459,14.49736523,18.629702,10.36056
PJ-BF-BO-BU-BA-CA-EL-CH-BH-CG-RI-CC-DL,0.0,0.0,0.0,0.20097658,0.000507692,0.000507692,0.007306748,0.0,0.0,0.021586414,0.000507692,0.000507692,0.0998511,0.000507692,0.000507692,0.10621258,0.0,0.0,0.20821111,0.0,0.0,0.120461434,0.0,0.0,0.06325559,0.000507692,0.000507692,0.05174661,0.0,0.0,0.004206238,0.0,0.0,0.011576925,0.000507692,0.000507692,0.07677998,0.0,0.0,0.077355005,0.000507692,0.000507692,0.08522733,0.000507692,0.000507692,0.0105271265,0.0,0.0,0.0022225427,0.000507692,0.000507692,0.08377469,0.0,0.0,0.26076615,0.000507692,0.000507692,0.0014602996,0.000507692,0.000507692,0.016401112,0.0,0.0,0.09558263,0.000507692,0.000507692,0.0017683478,0.000507692,0.000507692,0.009928654,0.000507692,0.000507692,0.1337115,0.0,0.0,0.10347191,0.0,0.0,18.4377,0.0,0.0,23.933777,28.0,28.0,17.012564,0.0,0.0,10.342957
PJ-BF-BO-BU-BA-CA-EL-CH-BH-CG-RI-CC-DL,16.0,0.0,0.0,0.20097658,0.008318328,0.015381642,0.0073236097,0.0,0.0,0.021586414,0.294468823,0.19577797,0.1001193,0.275544626,0.21126838,0.10654213,0.0,0.0,0.20821111,0.0,0.0,0.120461434,0.0,0.0,0.06325559,0.089837946,0.066196956,0.051802505,0.0,0.0,0.004206238,0.0,0.0,0.011576925,0.123111259,0.111107945,0.077061884,0.0,0.0,0.077355005,0.007174558,0.026489217,0.085288905,0.001039791,0.0007879348,0.010527404,0.0,0.0,0.0022225427,0.14276331,0.0774987,0.08391404,0.0,0.0,0.26076615,0.000831833,0.00071724463,0.0014608315,0.023499278,0.025088426,0.016432848,0.0,0.0,0.09558263,0.002079582,0.0019109679,0.001774509,0.012061576,0.022545252,0.009975295,0.264106925,0.26218,0.13426234,0.0,0.0,0.10347191,0.77578496,1.7947314,18.438538,51.67441172,17.361164,23.946661,41.59730497,32.386776,17.014776,11.4268171,5.0597477,10.3452635
PJ-BF-BO-BU-BA-CA-EL-CH-BH-CG-RI-CC-DL,32.0,0.0,0.0,0.20097658,0.015464853,0.016671006,0.0073248246,0.0,0.0,0.021586414,0.362598249,0.22218086,0.100182764,0.312149797,0.22557777,0.10658449,0.0,0.0,0.20821111,0.0,0.0,0.120461434,0.0,0.0,0.06325559,0.093389694,0.06837798,0.05180579,0.0,0.0,0.004206238,0.0,0.0,0.011576925,0.128673581,0.1135045,0.077080116,0.0,0.0,0.077355005,0.008708364,0.040735275,0.08531952,0.000750721,0.0012763283,0.010527948,0.0,0.0,0.0022225427,0.118313631,0.10641014,0.08397609,0.0,0.0,0.26076615,0.001201154,0.0008692715,0.0014614839,0.033782446,0.032317583,0.016435327,0.0,0.0,0.09558263,0.003153028,0.0020161043,0.0017749595,0.012011536,0.023060871,0.00997699,0.348334549,0.29124182,0.13440697,0.0,0.0,0.10347191,1.36226112,4.003649,18.441538,56.40909396,41.518795,23.97213,49.73110897,38.206787,17.022007,14.89064032,11.855636,10.350558
PJ-BF-BO-BU-BA-CA-EL-CH-BH-CG-RI-CC-DL,48.0,0.0,0.0,0.20097658,0.015502302,0.018354224,0.0073319892,0.0,0.0,0.021586414,0.353844704,0.2687104,0.10044721,0.358700846,0.2488902,0.10675844,0.0,0.0,0.20821111,0.0,0.0,0.120461434,0.0,0.0,0.06325559,0.065651313,0.07143756,0.051816586,0.0,0.0,0.004206238,0.0,0.0,0.011576925,0.051456435,0.116514415,0.077107534,0.0,0.0,0.077355005,0.006163566,0.07319027,0.0855298,0.003268558,0.0027189103,0.010533146,0.0,0.0,0.0022225427,0.078258607,0.16166733,0.08426763,0.0,0.0,0.26076615,0.001587585,0.0011380711,0.0014647881,0.04986885,0.04490753,0.016490547,0.0,0.0,0.09558263,0.002521459,0.0021856187,0.0017766154,0.01167342,0.023777278,0.009981802,0.126353097,0.34669358,0.13490653,0.0,0.0,0.10347191,1.49397064,5.8667693,18.445927,52.6615472,67.01977,24.028835,46.31993092,43.726692,17.03683,19.4234018,18.80558,10.3626795
PJ-BO-BT-BC-BY-BU-BL-BP-FP-AC-BH-CG-RI-DF,0.0,0.0,0.0,0.20097658,0.000471429,0.000471429,0.007306748,0.0,0.0,0.021586414,0.0,0.0,0.0998511,0.000471429,0.000471429,0.10621258,0.000471429,0.000471429,0.20821111,0.000471429,0.000471429,0.120461434,0.000471429,0.000471429,0.06325559,0.000471429,0.000471429,0.05174661,0.0,0.0,0.004206238,0.000471429,0.000471429,0.011576925,0.0,0.0,0.07677998,0.000471429,0.000471429,0.077355005,0.0,0.0,0.08522733,0.0,0.0,0.0105271265,0.000471429,0.000471429,0.0022225427,0.0,0.0,0.08377469,0.000471429,0.000471429,0.26076615,0.000471429,0.000471429,0.0014602996,0.000471429,0.000471429,0.016401112,0.0,0.0,0.09558263,0.000471429,0.000471429,0.0017683478,0.0,0.0,0.009928654,0.0,0.0,0.1337115,0.000471429,0.000471429,0.10347191,0.0,0.0,18.4377,0.0,0.0,23.933777,28.0,28.0,17.012564,0.0,0.0,10.342957
PJ-BO-BT-BC-BY-BU-BL-BP-FP-AC-BH-CG-RI-DF,16.0,0.0,0.0,0.20097658,0.024338767,0.013322406,0.007318753,0.0,0.0,0.021586414,0.0,0.0,0.0998511,0.135374447,0.17297234,0.10643426,0.456709797,0.0022308005,0.20821115,0.413759032,0.29820526,0.1208856,0.144282754,0.12231586,0.06338944,0.053927071,0.055526562,0.051785145,0.0,0.0,0.004206238,0.011930768,0.013266157,0.011601269,0.0,0.0,0.07677998,0.153986445,0.092268184,0.07758314,0.0,0.0,0.08522733,0.0,0.0,0.0105271265,0.003022461,0.00080089323,0.0022235413,0.0,0.0,0.08377469,0.193278441,0.0029187256,0.26076618,0.000477231,0.0006634482,0.0014607384,0.037383073,0.021530442,0.016422791,0.0,0.0,0.09558263,0.002068,0.0017277959,0.0017731634,0.0,0.0,0.009928654,0.0,0.0,0.1337115,0.260727049,0.17834507,0.10374189,26.39078416,4.598299,18.43913,27.39044236,12.473858,23.940115,18.96005362,32.717068,17.015457,15.100071360000001,5.77549,10.345598
PJ-BO-BT-BC-BY-BU-BL-BP-FP-AC-BH-CG-RI-DF,32.0,0.0,0.0,0.20097658,0.018850547,0.014480393,0.0073196897,0.0,0.0,0.021586414,0.0,0.0,0.0998511,0.083718607,0.18546604,0.106460206,0.36795529,0.018217126,0.20821553,0.29809738,0.31673804,0.12089698,0.118462753,0.12745515,0.06339609,0.035298574,0.057600614,0.051787686,0.0,0.0,0.004206238,0.007946799,0.013667222,0.011602645,0.0,0.0,0.07677998,0.101645108,0.09588028,0.07760444,0.0,0.0,0.08522733,0.0,0.0,0.0105271265,0.002032902,0.0010236562,0.0022245236,0.0,0.0,0.08377469,0.474405439,0.031400338,0.26077873,0.000369619,0.00080301554,0.0014612686,0.030123914,0.027481291,0.016424298,0.0,0.0,0.09558263,0.002032902,0.0018279108,0.0017735539,0.0,0.0,0.009928654,0.0,0.0,0.1337115,0.31620869,0.20507844,0.10380542,29.4261592,11.517995,18.442911,35.39487544,28.716091,23.951437,28.0810812,36.04078,17.022755,17.66094188,13.718826,10.349862
PJ-BO-BT-BC-BY-BU-BL-BP-FP-AC-BH-CG-RI-DF,48.0,0.0,0.0,0.20097658,0.015390861,0.015761282,0.007323795,0.0,0.0,0.021586414,0.0,0.0,0.0998511,0.050966458,0.20461327,0.106548764,0.337085091,0.2181837,0.20926377,0.218499767,0.33474037,0.12135271,0.105212936,0.13365923,0.06341964,0.018040108,0.060334526,0.051794466,0.0,0.0,0.004206238,0.004289256,0.014251106,0.011606338,0.0,0.0,0.07677998,0.067240402,0.1011008,0.07765116,0.0,0.0,0.08522733,0.0,0.0,0.0105271265,0.001892319,0.0014154857,0.002228951,0.0,0.0,0.08377469,0.639982286,0.37436458,0.262313,0.000252309,0.0010250048,0.0014635072,0.028637094,0.035772685,0.016445523,0.0,0.0,0.09558263,0.002018474,0.0019854216,0.0017748893,0.0,0.0,0.009928654,0.0,0.0,0.1337115,0.226573662,0.2626654,0.10419547,29.7564988,29.607553,18.497486,32.32122628,36.372253,23.965061,28.79842083,24.109457,17.070606,19.27613052,23.326933,10.364055
PJ-BV-BF-BO-BT-BC-BU-BA-CA-BH-ER-CC-DF,0.0,0.0,0.0,0.20097658,0.000507692,0.000507692,0.007306748,0.000507692,0.000507692,0.021586414,0.000507692,0.000507692,0.0998511,0.000507692,0.000507692,0.10621258,0.000507692,0.000507692,0.20821111,0.000507692,0.000507692,0.120461434,0.0,0.0,0.06325559,0.000507692,0.000507692,0.05174661,0.0,0.0,0.004206238,0.0,0.0,0.011576925,0.000507692,0.000507692,0.07677998,0.0,0.0,0.077355005,0.000507692,0.000507692,0.08522733,0.0,0.0,0.0105271265,0.0,0.0,0.0022225427,0.0,0.0,0.08377469,0.0,0.0,0.26076615,0.000507692,0.000507692,0.0014602996,0.0,0.0,0.016401112,0.000507692,0.000507692,0.09558263,0.0,0.0,0.0017683478,0.000507692,0.000507692,0.009928654,0.0,0.0,0.1337115,0.000507692,0.000507692,0.10347191,0.0,0.0,18.4377,0.0,0.0,23.933777,28.0,28.0,17.012564,0.0,0.0,10.342957
PJ-BV-BF-BO-BT-BC-BU-BA-CA-BH-ER-CC-DF,16.0,0.0,0.0,0.20097658,0.010562173,0.012543814,0.0073160413,0.039901541,0.022028962,0.02162952,0.173521407,0.13678484,0.09995985,0.160444432,0.14689891,0.10635416,0.221135011,0.0023840524,0.20821115,0.289369999,0.24396703,0.120730296,0.0,0.0,0.06325559,0.04744595,0.049315337,0.05177324,0.0,0.0,0.004206238,0.0,0.0,0.011576925,0.127584339,0.08020021,0.076909035,0.0,0.0,0.077355005,0.009388598,0.021359662,0.08526177,0.0,0.0,0.0105271265,0.0,0.0,0.0022225427,0.0,0.0,0.08377469,0.0,0.0,0.26076615,0.001173575,0.0007087697,0.0014607621,0.0,0.0,0.016401112,0.290040613,0.12233427,0.0957582,0.0,0.0,0.0017683478,0.00570022,0.017935604,0.009955094,0.0,0.0,0.1337115,0.094388939,0.15189026,0.10364905,5.05911544,5.2820015,18.439306,46.6192814,16.027021,23.942215,42.27323729,30.902016,17.014486,21.107408019999998,6.5517488,10.345671
PJ-BV-BF-BO-BT-BC-BU-BA-CA-BH-ER-CC-DF,32.0,0.0,0.0,0.20097658,0.010813004,0.013600028,0.007316718,0.041666107,0.022795497,0.021632645,0.125286668,0.15526797,0.09998349,0.105679088,0.15859477,0.10637318,0.194489891,0.019403055,0.20821483,0.230533236,0.2518079,0.12072281,0.0,0.0,0.06325559,0.033159878,0.051301356,0.051775202,0.0,0.0,0.004206238,0.0,0.0,0.011576925,0.063147941,0.082681395,0.07691998,0.0,0.0,0.077355005,0.007352842,0.03384249,0.08527974,0.0,0.0,0.0105271265,0.0,0.0,0.0022225427,0.0,0.0,0.08377469,0.0,0.0,0.26076615,0.000720867,0.00086219097,0.0014613807,0.0,0.0,0.016401112,0.309828596,0.13596717,0.09579118,0.0,0.0,0.0017683478,0.014417338,0.018505339,0.009956581,0.0,0.0,0.1337115,0.151237877,0.1778546,0.103697054,6.53377384,12.031404,18.442978,39.69249348,36.71849,23.956413,36.8475515,33.9005,17.020111,20.60186987,15.460791,10.349583
PJ-BV-BF-BO-BT-BC-BU-BA-CA-BH-ER-CC-DF,48.0,0.0,0.0,0.20097658,0.010549104,0.014899559,0.0073205754,0.013803614,0.023831325,0.021639286,0.156665411,0.18538874,0.10007898,0.099318688,0.17726812,0.106453255,0.270236611,0.2829032,0.21006945,0.287743634,0.28390414,0.12111086,0.0,0.0,0.06325559,0.021210432,0.053960443,0.051781166,0.0,0.0,0.004206238,0.0,0.0,0.011576925,0.036921863,0.08578846,0.07693803,0.0,0.0,0.077355005,0.003030062,0.062955916,0.08542184,0.0,0.0,0.0105271265,0.0,0.0,0.0022225427,0.0,0.0,0.08377469,0.0,0.0,0.26076615,0.001683368,0.0011293114,0.0014645685,0.0,0.0,0.016401112,0.264064263,0.15602319,0.095897295,0.0,0.0,0.0017683478,0.006957919,0.019298764,0.0099614095,0.0,0.0,0.1337115,0.137699469,0.22801882,0.10397729,6.32236,17.036015,18.452103,38.66541428,53.977905,23.984348,40.59716317,35.65301,17.040356,27.24842511,26.313879,10.364966
