Experiments,Time,PC_OD,PJ_OD,BV_OD,BF_OD,BO_OD,BT_OD,BC_OD,BY_OD,BU_OD,DP_OD,BL_OD,BA_OD,BP_OD,CA_OD,EL_OD,FP_OD,CH_OD,AC_OD,BH_OD,CG_OD,ER_OD,RI_OD,CC_OD,DL_OD,DF_OD,Butyrate,Acetate,Lactate,Succinate
PC-BV-BT-BC-BP-EL-FP-CH-AC-BH-CG-ER-RI-DF,0,0.000471429,0,0.000471429,0,0,0.000471429,0.000471429,0,0,0,0,0,0.000471429,0,0.000471429,0.000471429,0.000471429,0.000471429,0.000471429,0.000471429,0.000471429,0.000471429,0,0,0.000471429,0,0,28,0
PC-BV-BT-BC-BP-EL-FP-CH-AC-BH-CG-ER-RI-DF,16,0.465116125,0,0.029206664,0,0,0.249716977,0.500650899,0,0,0,0,0,0.042593052,0,0.000973555,0.001216944,0.061090606,0.351453524,0.000973555,0.024338887,0.327601415,0.001460333,0,0,0.392829631,23.09269672,47.84930212,18.9108516,26.14188487
PC-BV-BT-BC-BP-EL-FP-CH-AC-BH-CG-ER-RI-DF,32,0.104523272,0,0.027928176,0,0,0.220107208,0.380210315,0,0,0,0,0,0.02516301,0,0.002765166,0.00082955,0.121667301,0.700969562,0.001106066,0.020738744,0.293384105,0.00082955,0,0,0.280111308,23.99626736,38.91521816,17.97713735,26.88474829
PC-BV-BT-BC-BP-EL-FP-CH-AC-BH-CG-ER-RI-DF,48,0.124851958,0,0.012193996,0,0,0.268267909,0.333969887,0,0,0,0,0,0.013649995,0,0.001637999,0.001092,0.170897942,0.605695795,0.000546,0.023659992,0.188187936,0.002365999,0,0,0.224951924,24.8392188,34.32591404,19.40697135,31.6280605
BV-BF-BO-BT-BU-DP-BL-BA-BP-EL-FP-CH-AC-BH-CG-ER-RI,0,0,0,0.000388235,0.000388235,0.000388235,0.000388235,0,0,0.000388235,0.000388235,0.000388235,0.000388235,0.000388235,0,0.000388235,0.000388235,0.000388235,0.000388235,0.000388235,0.000388235,0.000388235,0.000388235,0,0,0,0,0,28,0
BV-BF-BO-BT-BU-DP-BL-BA-BP-EL-FP-CH-AC-BH-CG-ER-RI,16,0,0,0.007412968,0.179219395,0.19651632,0.171661075,0,0,0.059739798,0.004505922,0.016279458,0.189248704,0.203783935,0,0.002761694,0.000290705,0.078054189,0.071513335,0.000436057,0.016279458,0.341141865,0.001453523,0,0,0,15.42877712,48.66637932,38.993601,13.71602896
BV-BF-BO-BT-BU-DP-BL-BA-BP-EL-FP-CH-AC-BH-CG-ER-RI,32,0,0,0.005350555,0.136180253,0.178121699,0.17087256,0,0,0.049190586,0.005005358,0.016396862,0.104076923,0.206600459,0,0.003624569,0.000862993,0.106148106,0.27063452,0.000172599,0.01777765,0.229383467,0.001725985,0,0,0,15.86674792,48.0247582,42.64385516,13.20005168
BV-BF-BO-BT-BU-DP-BL-BA-BP-EL-FP-CH-AC-BH-CG-ER-RI,48,0,0,0.007370776,0.16925982,0.238277087,0.258513217,0,0,0.040606275,0.00227824,0.003350353,0.01661775,0.099706498,0,0.002546268,0.000268028,0.134148124,0.372559225,0.000536056,0.03390557,0.24457575,0.000804085,0,0,0,17.3248908,44.27463468,41.00652828,16.93067403
PJ-BO-BT-BC-BY-BA-CA-EL-FP-CH-AC-BH-CG-CC-DF,0,0,0.00044,0,0,0.00044,0.00044,0.00044,0.00044,0,0,0,0.00044,0,0.00044,0.00044,0.00044,0.00044,0.00044,0.00044,0.00044,0,0,0.00044,0,0.00044,0,0,28,0
PJ-BO-BT-BC-BY-BA-CA-EL-FP-CH-AC-BH-CG-CC-DF,16,0,0.021199068,0,0,0.24871049,0.244735664,0.479818182,0.121705361,0,0,0,0.21388345,0,0.080064336,0.00075711,0.00075711,0.049779953,0.225240093,0.001135664,0.011356643,0,0,0.027255944,0,0.433634499,25.93951568,45.5942904,16.28175639,18.88419378
PJ-BO-BT-BC-BY-BA-CA-EL-FP-CH-AC-BH-CG-CC-DF,32,0,0.011071101,0,0,0.182515016,0.167331791,0.330551458,0.109445746,0,0,0,0.082242468,0,0.122414751,0.002846855,0.007591612,0.240084743,0.432405592,0.000948952,0.007275295,0,0,0.027835912,0,0.456445698,38.4729616,27.97758904,4.0760085,25.74488125
PJ-BO-BT-BC-BY-BA-CA-EL-FP-CH-AC-BH-CG-CC-DF,48,0,0.007995846,0,0,0.189778965,0.159590565,0.230410918,0.077184394,0,0,0,0.075226228,0,0.163343718,0.004895416,0.006527221,0.178519507,0.37972111,0.000815903,0.01223854,0,0,0.032636107,0,0.31004302,36.28373248,25.3736194,7.06094836,29.30599309
PC-PJ-BF-BO-BU-DP-BA-EL-CH-BH-CG,0,0.0006,0.0006,0,0.0006,0.0006,0,0,0,0.0006,0.0006,0,0.0006,0,0,0.0006,0,0.0006,0,0.0006,0.0006,0,0,0,0,0,0,0,28,0
PC-PJ-BF-BO-BU-DP-BA-EL-CH-BH-CG,16,0.131269134,0.020797325,0,0.28322378,0.234696689,0,0,0,0.154190917,0.012970374,0,0.184156954,0,0,0.004360729,0,0.156427188,0,0.002124458,0.03287319,0,0,0,0,0,0.42151304,44.91579088,41.56161848,12.15813301
PC-PJ-BF-BO-BU-DP-BA-EL-CH-BH-CG,32,0.145062239,0.024643103,0,0.220389739,0.205359193,0,0,0,0.109408387,0.006641404,0,0.159568463,0,0,0.003320702,0,0.354616003,0,0.001223416,0.03652772,0,0,0,0,0,1.00029792,52.66086164,40.3873738,14.24384781
PC-PJ-BF-BO-BU-DP-BA-EL-CH-BH-CG,48,0.20420338,0.025470529,0,0.282151981,0.327823275,0,0,0,0.089476212,0.005379551,0,0.09463619,0,0,0.003183816,0,0.363723547,0,0.001427228,0.055112955,0,0,0,0,0,1.23614632,53.4985608,41.10292892,19.31841484
PC-PJ-BV-BF-BT-BL-CA-EL-FP-CH-BH-CC-DF,0,0.000507692,0.000507692,0.000507692,0.000507692,0,0.000507692,0,0,0,0,0.000507692,0,0,0.000507692,0.000507692,0.000507692,0.000507692,0,0.000507692,0,0,0,0.000507692,0,0.000507692,0,0,28,0
PC-PJ-BV-BF-BT-BL-CA-EL-FP-CH-BH-CC-DF,16,0.205954435,0.02002093,0.067200686,0.359854452,0,0.372041105,0,0,0,0,0.029944347,0,0,0.141365174,0.003307806,0.002263236,0.127785761,0,0.004178281,0,0,0,0.022632355,0,0.33147696,0.70015112,45.05353328,33.23503546,23.18611439
PC-PJ-BV-BF-BT-BL-CA-EL-FP-CH-BH-CC-DF,32,0.190505404,0.018817744,0.073718995,0.312917736,0,0.403320504,0,0,0,0,0.017847757,0,0,0.047917347,0.004655937,0.000193997,0.302247881,0,0.003879947,0,0,0,0.021533707,0,0.264418397,1.34385928,50.64574076,35.03694536,27.46253472
PC-PJ-BV-BF-BT-BL-CA-EL-FP-CH-BH-CC-DF,48,0.250241225,0.014325079,0.019846203,0.401699092,0,0.648657487,0,0,0,0,0.01387742,0,0,0.01745869,0.00716254,0.000298439,0.255314691,0,0.002835172,0,0,0,0.023576693,0,0.276802309,1.31193784,49.6557606,39.24518723,31.84851502
PJ-BC-BY-BA-CA-EL-FP-AC-ER-CC-DF,0,0,0.0006,0,0,0,0,0.0006,0.0006,0,0,0,0.0006,0,0.0006,0.0006,0.0006,0,0.0006,0,0,0.0006,0,0.0006,0,0.0006,0,0,28,0
PJ-BC-BY-BA-CA-EL-FP-AC-ER-CC-DF,16,0,0.020218565,0,0,0,0,0.508930164,0.176190352,0,0,0,0.366629978,0,0.124584872,0.006354406,0.000770231,0,0.30539661,0,0,0.385693196,0,0.031964588,0,0.283059909,33.14176576,22.82110616,15.89560104,11.76774951
PJ-BC-BY-BA-CA-EL-FP-AC-ER-CC-DF,32,0,0.013077876,0,0,0,0,0.35739966,0.092292437,0,0,0,0.144417113,0,0.152450665,0.009528167,0.001681441,0,0.540303093,0,0,0.447637002,0,0.065949859,0,0.336848713,50.14434176,22.811398,1.08035787,15.47420239
PJ-BC-BY-BA-CA-EL-FP-AC-ER-CC-DF,48,0,0.007040146,0,0,0,0,0.213998088,0.063361314,0,0,0,0.083029023,0,0.138903198,0.009833855,0.000111748,0,0.327310914,0,0,0.240817692,0,0.069954466,0,0.344184915,54.66457768,19.79975656,0.87911634,14.49736523
PJ-BV-BO-BT-BY-BU-CA-EL-AC-CG-DF,0,0,0.0006,0.0006,0,0.0006,0.0006,0,0.0006,0.0006,0,0,0,0,0.0006,0.0006,0,0,0.0006,0,0.0006,0,0,0,0,0.0006,0,0,28,0
PJ-BV-BO-BT-BY-BU-CA-EL-AC-CG-DF,16,0,0.027877992,0.093352909,0,0.202051502,0.47469315,0,0.156525974,0.085168545,0,0,0,0,0.400010823,0.005882512,0,0,0.538121976,0,0.047060097,0,0,0,0,0.645541762,35.9369416,32.12392684,6.29535647,25.1074308
PJ-BV-BO-BT-BY-BU-CA-EL-AC-CG-DF,32,0,0.023454357,0.034399723,0,0.073266943,0.263805671,0,0.081978562,0.045121715,0,0,0,0,0.188304979,0.035069848,0,0,0.496562241,0,0.024124481,0,0,0,0,0.563127939,40.5963564,25.24189732,1.55627296,25.8638813
PJ-BV-BO-BT-BY-BU-CA-EL-AC-CG-DF,48,0,0.018925567,0.040195894,0,0.049574936,0.28622826,0,0.065653293,0.038521065,0,0,0,0,0.242012777,0.029309506,0,0,0.400284109,0,0.022275224,0,0,0,0,0.583510391,42.69463336,25.39299632,1.28169957,27.09612088
PC-PJ-BT-BY-BU-DP-BA-CA-FP-CH-BH-CG-ER-RI-CC-DL-DF,0,0.000388235,0.000388235,0,0,0,0.000388235,0,0.000388235,0.000388235,0.000388235,0,0.000388235,0,0.000388235,0,0.000388235,0.000388235,0,0.000388235,0.000388235,0.000388235,0.000388235,0.000388235,0.000388235,0.000388235,0,0,28,0
PC-PJ-BT-BY-BU-DP-BA-CA-FP-CH-BH-CG-ER-RI-CC-DL-DF,16,0.0135087,0.015723241,0,0,0,0.244817513,0,0.108401784,0.08979964,0.009522527,0,0.272388549,0,0.041190464,0,0.000885816,0.02856758,0,0.000885816,0.021259594,0.112387958,0.003986174,0.011847795,0.192886525,0.080720021,2.83805248,52.8594928,49.69036575,8.75910855
PC-PJ-BT-BY-BU-DP-BA-CA-FP-CH-BH-CG-ER-RI-CC-DL-DF,32,0.02562315,0.016030247,0,0,0,0.254338168,0,0.102492602,0.060208092,0.005175119,0,0.149447341,0,0.010224016,0,0.001009779,0.087977024,0,0.000757334,0.025118261,0.096686371,0.001893336,0.01148624,0.205994983,0.102492602,2.77227656,51.50138268,48.06335267,10.72094492
PC-PJ-BT-BY-BU-DP-BA-CA-FP-CH-BH-CG-ER-RI-CC-DL-DF,48,0.03223895,0.01752361,0,0,0,0.324748446,0,0.145805425,0.063803915,0.004156241,0,0.071667073,0,0.026734739,0,0.001235639,0.109185572,0,0.000898647,0.03089098,0.118509032,0.001235639,0.014266016,0.209384678,0.1169364,3.19497576,50.37010624,48.20212151,11.85325311
BV-BU-DP-BA-CA-EL-FP-CH-CG-RI-DL-DF,0,0,0,0.00055,0,0,0,0,0,0.00055,0.00055,0,0.00055,0,0.00055,0.00055,0.00055,0.00055,0,0,0.00055,0,0.00055,0,0.00055,0.00055,0,0,28,0
BV-BU-DP-BA-CA-EL-FP-CH-CG-RI-DL-DF,16,0,0,0.027613014,0,0,0,0,0,0.163253526,0.009967625,0,0.358430389,0,0.020608737,0.004310324,0.001077581,0.13119549,0,0,0.035021383,0,0.005522603,0,0.386447496,0.12607698,1.12429864,53.59144236,39.45163389,7.87109259
BV-BU-DP-BA-CA-EL-FP-CH-CG-RI-DL-DF,32,0,0,0.038683229,0,0,0,0,0,0.156845312,0.012410319,0,0.15961783,0,0.053073919,0.006601234,0.000792148,0.214540095,0,0,0.048981154,0,0.002772518,0,0.359107112,0.233815697,0.7934276,51.39340304,45.71303057,9.83286864
BV-BU-DP-BA-CA-EL-FP-CH-CG-RI-DL-DF,48,0,0,0.049358036,0,0,0,0,0,0.119311512,0.008640615,0,0.138604941,0,0.021660721,0.01313847,0.001065281,0.271410016,0,0,0.072320767,0,0.003077479,0,0.296148216,0.292360549,0.98530664,52.34810444,48.20825414,12.60873849
PC-PJ-BF-BC-BU-DP-CA-EL-FP-CH-AC-CG,0,0.00055,0.00055,0,0.00055,0,0,0.00055,0,0.00055,0.00055,0,0,0,0.00055,0.00055,0.00055,0.00055,0.00055,0,0.00055,0,0,0,0,0,0,0,28,0
PC-PJ-BF-BC-BU-DP-CA-EL-FP-CH-AC-CG,16,1.186166369,0.026788119,0,0.385979343,0,0,0.513871006,0,0.09879919,0.009217417,0,0,0,0.08266871,0,0.001152177,0.12904384,0.110609006,0,0.038597934,0,0,0,0,0,14.5200264,48.8072422,25.82883666,31.83840765
PC-PJ-BF-BC-BU-DP-CA-EL-FP-CH-AC-CG,32,0.591110171,0.020942526,0,0.251605278,0,0,0.479318378,0,0.092029128,0.00973385,0,0,0,0.213554773,0.001179861,0.000294965,0.366936653,0.448052071,0,0.035690784,0,0,0,0,0,14.92650208,43.7177472,24.53021794,38.11791192
PC-PJ-BF-BC-BU-DP-CA-EL-FP-CH-AC-CG,48,0.606966561,0.018450106,0,0.224126858,0,0,0.414917728,0,0.074848726,0.004612527,0,0,0,0.059962845,0.000628981,0.000419321,0.292476115,0.497523885,0,0.04235138,0,0,0,0,0,16.75571272,37.07129028,24.50966083,40.83159939
BO-BC-BY-BU-BA-BP-CH-AC-CG-CC-DL,0,0,0,0,0,0.0006,0,0.0006,0.0006,0.0006,0,0,0.0006,0.0006,0,0,0,0.0006,0.0006,0,0.0006,0,0,0.0006,0.0006,0,0,0,28,0
BO-BC-BY-BU-BA-BP-CH-AC-CG-CC-DL,16,0,0,0,0,0.342256025,0,0.531617882,0.170722816,0.121558967,0,0,0.203948933,0.283097327,0,0,0,0.061860008,0.073475642,0,0.037278083,0,0,0.015397469,0.760959133,0,18.2513484,67.49368508,30.12283147,13.03976636
BO-BC-BY-BU-BA-BP-CH-AC-CG-CC-DL,32,0,0,0,0,0.206649906,0,0.353145762,0.098787471,0.076488987,0,0,0.036299858,0.150385126,0,0,0,0.049523378,0.44130256,0,0.030854879,0,0,0.015038513,0.427819755,0,17.95540056,55.96203004,28.47169226,13.04396614
BO-BC-BY-BU-BA-BP-CH-AC-CG-CC-DL,48,0,0,0,0,0.188589431,0,0.254223803,0.096154356,0.034786217,0,0,0.011814187,0.068369138,0,0,0,0.039490014,0.534920137,0,0.024065937,0,0,0.009626375,0.305856176,0,19.34414088,51.14916244,26.13087889,16.66000311
PC-BV-BF-BT-BL-CA-CH-BH-CG-ER-RI-CC-DL,0,0.000507692,0,0.000507692,0.000507692,0,0.000507692,0,0,0,0,0.000507692,0,0,0.000507692,0,0,0.000507692,0,0.000507692,0.000507692,0.000507692,0.000507692,0.000507692,0.000507692,0,0,0,28,0
PC-BV-BF-BT-BL-CA-CH-BH-CG-ER-RI-CC-DL,16,0.040630489,0,0.028021027,0.232854736,0,0.270262807,0,0,0,0,0.018353773,0,0,0.017232932,0,0,0.086304764,0,0.003362523,0.029562184,0.422697195,0.002241682,0.010788095,0.266199758,0,5.84280256,55.5838452,40.85999441,16.49077158
PC-BV-BF-BT-BL-CA-CH-BH-CG-ER-RI-CC-DL,32,0.05901275,0,0.025870919,0.21339281,0,0.342578314,0,0,0,0,0.020121826,0,0,0.01386546,0,0,0.109570951,0,0.002198183,0.038890924,0.379440147,0.002198183,0.013189096,0.347481952,0,6.57977552,59.64871956,45.71582791,17.37861035
PC-BV-BF-BT-BL-CA-CH-BH-CG-ER-RI-CC-DL,48,0.10692333,0,0.012579215,0.278777609,0,0.59584783,0,0,0,0,0.017758892,0,0,0.007769515,0,0,0.131711783,0,0.003144804,0.062526099,0.369791931,0.002774827,0.016463973,0.34352357,0,6.22692272,57.15808796,47.05898889,21.09880488
BC-BU-DP-BL-BP-CA-EL-FP-BH-DL-DF,0,0,0,0,0,0,0,0.0006,0,0.0006,0.0006,0.0006,0,0.0006,0.0006,0.0006,0.0006,0,0,0.0006,0,0,0,0,0.0006,0.0006,0,0,28,0
BC-BU-DP-BL-BP-CA-EL-FP-BH-DL-DF,16,0,0,0,0,0,0,0.743964354,0,0.15587983,0.011977959,0.010480714,0,0.209115204,0.030277619,0.001330884,0.000332721,0,0,0.001497245,0,0,0,0,0.306768844,0.154881667,0.30539048,61.39043596,54.17905765,11.98589679
BC-BU-DP-BL-BP-CA-EL-FP-BH-DL-DF,32,0,0,0,0,0,0,0.775864642,0,0.125267634,0.008155989,0.032623958,0,0.27960405,0.035342621,0.004391687,0.000209128,0,0,0.00104564,0,0,0,0,0.339205512,0.227112938,0.72099992,52.58407892,55.56850088,11.82875188
BC-BU-DP-BL-BP-CA-EL-FP-BH-DL-DF,48,0,0,0,0,0,0,0.949757822,0,0.104214934,0.007600765,0.014357001,0,0.163669808,0.012836848,0.002533588,0.000168906,0,0,0.001182341,0,0,0,0,0.292882814,0.260115071,1.76906968,55.35610532,59.45763081,13.98110143
PJ-BF-BC-BU-BP-CA-EL-FP-CH-AC-CG,0,0,0.0006,0,0.0006,0,0,0.0006,0,0.0006,0,0,0,0.0006,0.0006,0.0006,0.0006,0.0006,0.0006,0,0.0006,0,0,0,0,0,0,0,28,0
PJ-BF-BC-BU-BP-CA-EL-FP-CH-AC-CG,16,0,0.027646825,0,0.256033644,0,0,0.886381263,0,0.197855107,0,0,0,0.226223154,0.172371946,0.001202036,0.000961629,0.058659351,0.461822188,0,0.031974155,0,0,0,0,0,39.45740456,37.1693884,7.85269575,23.93151125
PJ-BF-BC-BU-BP-CA-EL-FP-CH-AC-CG,32,0,0.019535893,0,0.235458915,0,0,0.448502965,0,0.05901896,0,0,0,0.135723043,0.166157907,0.012955381,0.001645128,0.561194218,0.380641443,0,0.024676917,0,0,0,0,0,43.48798568,34.19913272,1.17199858,25.50339767
PJ-BF-BC-BU-BP-CA-EL-FP-CH-AC-CG,48,0,0.01584404,0,0.31593771,0,0,0.417792256,0,0.053756566,0,0,0,0.137315017,0.180886128,0.007356162,0.000377239,0.210876633,0.475887071,0,0.050738653,0,0,0,0,0,46.92036976,31.54492808,1.04203728,28.09726323
BO-BC-BY-BU-BA-CA-EL-AC-RI-DL-DF,0,0,0,0,0,0.0006,0,0.0006,0.0006,0.0006,0,0,0.0006,0,0.0006,0.0006,0,0,0.0006,0,0,0,0.0006,0,0.0006,0.0006,0,0,28,0
BO-BC-BY-BU-BA-CA-EL-AC-RI-DL-DF,16,0,0,0,0,0.103169119,0,0.191725049,0.093086018,0.05392267,0,0,0.167028758,0,0.065174826,0.002191978,0,0,0.104922702,0,0,0,0.001753583,0,0.397332628,0.335664967,24.38000792,45.69887376,26.04438024,10.01289368
BO-BC-BY-BU-BA-CA-EL-AC-RI-DL-DF,32,0,0,0,0,0.058489712,0,0.190043621,0.113719342,0.0466,0,0,0.082652675,0,0.176619753,0.007670782,0,0,0.460246914,0,0,0,0.002109465,0,0.377977778,0.265984362,31.51506296,38.39809316,17.35838726,10.88981453
BO-BC-BY-BU-BA-CA-EL-AC-RI-DL-DF,48,0,0,0,0,0.036784594,0,0.157203812,0.0530723,0.021960952,0,0,0.113281909,0,0.205883922,0.023608023,0,0,0.400421352,0,0,0,0.000366016,0,0.547925744,0.149517479,45.05076968,34.35942768,1.07531227,11.16595572
BV-BF-BY-BU-DP-BL-CA-EL-CH-BH-ER,0,0,0,0.0006,0.0006,0,0,0,0.0006,0.0006,0.0006,0.0006,0,0,0.0006,0.0006,0,0.0006,0,0.0006,0,0.0006,0,0,0,0,0,0,28,0
BV-BF-BY-BU-DP-BL-CA-EL-CH-BH-ER,16,0,0,0.033567868,0.250080614,0,0,0,0.1599638,0.158027192,0.028145366,0.056548946,0,0,0.186947201,0.005422502,0,0.094377351,0,0.001291072,0,0.540571777,0,0,0,0,6.36688416,42.62972408,36.61382892,18.47539383
BV-BF-BY-BU-DP-BL-CA-EL-CH-BH-ER,32,0,0,0.016128372,0.207364787,0,0,0,0.216581,0.10937476,0.015586242,0.05014704,0,0,0.108019435,0.003252781,0,0.318365938,0,0.002575118,0,0.362414014,0,0,0,0,6.16384488,40.4754818,35.41231574,21.66082517
BV-BF-BY-BU-DP-BL-CA-EL-CH-BH-ER,48,0,0,0.012144654,0.234699098,0,0,0,0.170317799,0.061601197,0.009218231,0.0283863,0,0,0.202069485,0.032629613,0,0.334197469,0,0.002194817,0,0.199143063,0,0,0,0,6.33244568,39.02726388,35.3261547,24.27929375
BV-BF-BC-BY-BU-DP-BL-EL-CH-AC-CG,0,0,0,0.0006,0.0006,0,0,0.0006,0.0006,0.0006,0.0006,0.0006,0,0,0,0.0006,0,0.0006,0.0006,0,0.0006,0,0,0,0,0,0,0,28,0
BV-BF-BC-BY-BU-DP-BL-EL-CH-AC-CG,16,0,0,0.054411366,0.243565061,0,0,0.727331572,0.229517036,0.168180587,0.021962406,0.032053241,0,0,0,0.001385017,0,0.177282124,0.251875161,0,0.037593308,0,0,0,0,0,14.077442,43.37844228,27.60369324,19.50152374
BV-BF-BC-BY-BU-DP-BL-EL-CH-AC-CG,32,0,0,0.011425577,0.145386329,0,0,0.375388164,0.196387456,0.076667278,0.005961171,0.026162916,0,0,0,0.001324705,0,0.344588783,0.499744808,0,0.030633794,0,0,0,0,0,15.508096,41.50118988,29.33168139,21.45295114
BV-BF-BC-BY-BU-DP-BL-EL-CH-AC-CG,48,0,0,0.009863958,0.17171074,0,0,0.349261981,0.211945305,0.054251768,0.004412823,0.022064116,0,0,0,0.001297889,0,0.245950001,0.485150979,0,0.027385462,0,0,0,0,0,16.62176648,36.15114268,29.87791582,25.69858942
PJ-BF-DP-BL-BA-BP-CA-EL-BH-ER-DF,0,0,0.0006,0,0.0006,0,0,0,0,0,0.0006,0.0006,0.0006,0.0006,0.0006,0.0006,0,0,0,0.0006,0,0.0006,0,0,0,0.0006,0,0,28,0
PJ-BF-DP-BL-BA-BP-CA-EL-BH-ER-DF,16,0,0.035065356,0,0.50686629,0,0,0,0,0,0.005362937,0.027777263,0.459424925,0.124447638,0.017876456,0.002475202,0,0,0,0.001512623,0,0.161438151,0,0,0,0.138061247,3.12915312,55.42600092,55.97307267,7.07977336
PJ-BF-DP-BL-BA-BP-CA-EL-BH-ER-DF,32,0,0.02803756,0,0.460746264,0,0,0,0,0,0.006331062,0.012403713,0.217711008,0.210863125,0.020156034,0.002454902,0,0,0,0.001162848,0,0.162540325,0,0,0,0.184763645,3.638734,61.89092628,59.43125642,7.21676762
PJ-BF-DP-BL-BA-BP-CA-EL-BH-ER-DF,48,0,0.03052718,0,0.591145051,0,0,0,0,0,0.004492294,0.008984588,0.041553719,0.098217882,0.002348245,0.002858733,0,0,0,0.001735659,0,0.163049853,0,0,0,0.277603349,4.4250316,62.81001008,62.0930627,10.3376641
PJ-BV-BF-BT-BC-BY-BU-CH-AC-RI-DF,0,0,0.0006,0.0006,0.0006,0,0.0006,0.0006,0.0006,0.0006,0,0,0,0,0,0,0,0.0006,0.0006,0,0,0,0.0006,0,0,0.0006,0,0,28,0
PJ-BV-BF-BT-BC-BY-BU-CH-AC-RI-DF,16,0,0.019630402,0.023235986,0.228153343,0,0.290249511,0.575691577,0.166057174,0.095347666,0,0,0,0,0,0,0,0.104361626,0.274224694,0,0,0,0.004807445,0,0,0.365966775,21.73576104,45.05355692,14.87206769,25.32429628
PJ-BV-BF-BT-BC-BY-BU-CH-AC-RI-DF,32,0,0.012727646,0.014474578,0.124281719,0,0.189167757,0.295730597,0.086597905,0.062390421,0,0,0,0,0,0,0,0.098077742,0.576986615,0,0,0,0.00449211,0,0,0.474915886,21.9788744,35.78539248,14.47707512,27.94354902
PJ-BV-BF-BT-BC-BY-BU-CH-AC-RI-DF,48,0,0.009787272,0.012070969,0.15822756,0,0.217929918,0.347121905,0.104723808,0.048446995,0,0,0,0,0,0,0,0.176986498,0.412696626,0,0,0,0.002936182,0,0,0.348100632,22.36020304,33.26759064,16.94501164,32.94025047
PC-PJ-BC-BY-BU-CA-EL-AC-BH-ER-RI,0,0.0006,0.0006,0,0,0,0,0.0006,0.0006,0.0006,0,0,0,0,0.0006,0.0006,0,0,0.0006,0.0006,0,0.0006,0.0006,0,0,0,0,0,28,0
PC-PJ-BC-BY-BU-CA-EL-AC-BH-ER-RI,16,0.928893238,0.032993476,0,0,0,0,0.564580664,0.147893832,0.09021293,0,0,0,0,0.131743179,0.007613879,0,0,0.408150059,0.000692171,0,0.27640688,0.001845789,0,0,0,39.88575104,6.5165036,7.46695592,24.87882554
PC-PJ-BC-BY-BU-CA-EL-AC-BH-ER-RI,32,0.711425737,0.027108727,0,0,0,0,0.327979927,0.112536886,0.066166696,0,0,0,0,0.169251197,0.019261464,0,0,0.453179443,0.001248428,0,0.170856319,0.001248428,0,0,0,47.40061632,7.45156804,1.59716087,28.46613511
PC-PJ-BC-BY-BU-CA-EL-AC-BH-ER-RI,48,0.589384045,0.027184157,0,0,0,0,0.238616491,0.122394369,0.049903284,0,0,0,0,0.167176,0.060277914,0,0,0.470404111,0.001707218,0,0.150366473,0.000787947,0,0,0,50.72597656,7.53032864,1.71732777,27.0112431
BY-BU-BP-CA-EL-FP-AC-BH-CG-ER-RI,0,0,0,0,0,0,0,0,0.0006,0.0006,0,0,0,0.0006,0.0006,0.0006,0.0006,0,0.0006,0.0006,0.0006,0.0006,0.0006,0,0,0,0,0,28,0
BY-BU-BP-CA-EL-FP-AC-BH-CG-ER-RI,16,0,0,0,0,0,0,0,0.595770218,0.367039524,0,0,0,0.396053393,0.198026696,0.034365942,0.00281688,0,0.42675739,0.00281688,0.126196245,0.36619446,0.008450641,0,0,0,51.88226152,15.20061032,2.50057184,11.54228089
BY-BU-BP-CA-EL-FP-AC-BH-CG-ER-RI,32,0,0,0,0,0,0,0,0.332010905,0.169087237,0,0,0,0.385633953,0.263184387,0.01520347,0.001643618,0,0.4750057,0.001849071,0.07437373,0.213875836,0.001232714,0,0,0,55.39724656,18.90451764,1.54067983,13.29784925
BY-BU-BP-CA-EL-FP-AC-BH-CG-ER-RI,48,0,0,0,0,0,0,0,0.225913334,0.075368452,0,0,0,0.182036413,0.117613189,0.033219725,0.000480054,0,0.439921333,0.000960108,0.059910718,0.118285264,0.001056118,0,0,0,55.9028504,16.84983128,1.0982512,12.80834491
PJ-BV-BF-BO-BU-DP-BL-CA-EL-FP-CH-AC,0,0,0.00055,0.00055,0.00055,0.00055,0,0,0,0.00055,0.00055,0.00055,0,0,0.00055,0.00055,0.00055,0.00055,0.00055,0,0,0,0,0,0,0,0,0,28,0
PJ-BV-BF-BO-BU-DP-BL-CA-EL-FP-CH-AC,16,0,0.036177855,0.085081589,0.413045661,0.548667167,0,0,0,0.201796075,0.03036031,0.041631803,0,0,0.128349576,0.000908991,0.003999562,0.24433687,0.198523707,0,0,0,0,0,0,0,16.26853992,32.2801242,24.43264494,18.76508063
PJ-BV-BF-BO-BU-DP-BL-CA-EL-FP-CH-AC,32,0,0.024794691,0.033324065,0.294759286,0.32570306,0,0,0,0.10989007,0.010909664,0.01924068,0,0,0.179513562,0.000595073,0.003570435,0.401277278,0.535763682,0,0,0,0,0,0,0,16.6114472,38.97706828,21.85873969,30.2689755
PJ-BV-BF-BO-BU-DP-BL-CA-EL-FP-CH-AC,48,0,0.018799455,0.029518443,0.382420497,0.590368857,0,0,0,0.081629213,0.005112133,0.014346953,0,0,0.062499943,0.000824538,0.003627965,0.22575837,0.513686869,0,0,0,0,0,0,0,19.3691828,38.198871,21.70924895,37.32141271
PC-BF-BO-BT-BC-BU-BP-CA-EL-AC-BH-RI,0,0.00055,0,0,0.00055,0.00055,0.00055,0.00055,0,0.00055,0,0,0,0.00055,0.00055,0.00055,0,0,0.00055,0.00055,0,0,0.00055,0,0,0,0,0,28,0
PC-BF-BO-BT-BC-BU-BP-CA-EL-AC-BH-RI,16,0.277457488,0,0,0.328214216,0.152648966,0.363630291,0.386167794,0,0.096778687,0,0,0,0.386925357,0.167610837,0.004545379,0,0,0.09753625,0.001325735,0,0,0.003030252,0,0,0,32.70559368,25.7946872,17.9159409,23.89721179
PC-BF-BO-BT-BC-BU-BP-CA-EL-AC-BH-RI,32,0.181956841,0,0,0.25246238,0.069410732,0.281584232,0.267789671,0,0.061528125,0,0,0,0.272606819,0.255089915,0.017516904,0,0,0.364132643,0.00175169,0,0,0.001532729,0,0,0,34.20733216,25.05580324,16.35761476,28.56132761
PC-BF-BO-BT-BC-BU-BP-CA-EL-AC-BH-RI,48,0.312124316,0,0,0.282823863,0.079210546,0.37345662,0.289031586,0,0.066546791,0,0,0,0.295487618,0.383637286,0.028307217,0,0,0.696009911,0.000744927,0,0,0.001738162,0,0,0,35.52039192,23.5581856,14.63822268,31.20273287
BF-BT-BC-BY-BL-BA-BP-EL-FP-AC-BH-CG-ER,0,0,0,0,0.000507692,0,0.000507692,0.000507692,0.000507692,0,0,0.000507692,0.000507692,0.000507692,0,0.000507692,0.000507692,0,0.000507692,0.000507692,0.000507692,0.000507692,0,0,0,0,0,0,28,0
BF-BT-BC-BY-BL-BA-BP-EL-FP-AC-BH-CG-ER,16,0,0,0,0.194487932,0,0.195311335,0.318327834,0.106219065,0,0,0.013503819,0.275510846,0.276663611,0,0.003622976,0.001646807,0,0.076411855,0,0.016468072,0.494206844,0,0,0,0,25.15776744,40.85513232,27.02687728,14.67063066
BF-BT-BC-BY-BL-BA-BP-EL-FP-AC-BH-CG-ER,32,0,0,0,0.160983723,0,0.184481347,0.257640616,0.092490648,0,0,0.00933239,0.086657904,0.185481246,0,0.002333097,0.001333199,0,0.336632629,0.000666599,0.02716392,0.301636168,0,0,0,0,25.19941248,39.01400184,28.17841305,15.56591518
BF-BT-BC-BY-BL-BA-BP-EL-FP-AC-BH-CG-ER,48,0,0,0,0.175785488,0,0.229013991,0.273206791,0.111714142,0,0,0.010021416,0.0668642,0.137342681,0,0.002628568,0.000492857,0,0.532449315,0.000821428,0.029407105,0.281421067,0,0,0,0,25.38693488,35.23893812,29.98707144,18.37238235
PC-BF-BT-BC-BU-DP-BL-BA-FP-AC-CC-DL-DF,0,0.000507692,0,0,0.000507692,0,0.000507692,0.000507692,0,0.000507692,0.000507692,0.000507692,0.000507692,0,0,0,0.000507692,0,0.000507692,0,0,0,0,0.000507692,0.000507692,0.000507692,0,0,28,0
PC-BF-BT-BC-BU-DP-BL-BA-FP-AC-CC-DL-DF,16,0.070934991,0,0,0.21040311,0,0.194550821,0.322810251,0,0.062448412,0.009127076,0.009927696,0.180620021,0,0,0,0.001280993,0,0.017133282,0,0,0,0,0.008006207,0.408636785,0.170852449,15.21645808,42.478499,38.31999485,12.18822892
PC-BF-BT-BC-BU-DP-BL-BA-FP-AC-CC-DL-DF,32,0.056822631,0,0,0.165048395,0,0.190175165,0.288218839,0,0.044834042,0.005747954,0.008047136,0.065362449,0,0,0,0.0018065,0,0.142056579,0,0,0,0,0.012152817,0.201506846,0.2090613,15.4167292,42.52387992,36.77518795,11.60643875
PC-BF-BT-BC-BU-DP-BL-BA-FP-AC-CC-DL-DF,48,0.076592229,0,0,0.189315685,0,0.276359095,0.309354967,0,0.0288154,0.003732565,0.007166524,0.036131227,0,0,0,0.00059721,0,0.40117606,0,0,0,0,0.008360945,0.15273655,0.257546968,18.0735496,41.45420932,38.48877388,15.54447142
BC-BU-DP-BA-BP-CA-FP-CG-RI-CC-DF,0,0,0,0,0,0,0,0.0006,0,0.0006,0.0006,0,0.0006,0.0006,0.0006,0,0.0006,0,0,0,0.0006,0,0.0006,0.0006,0,0.0006,0,0,28,0
BC-BU-DP-BA-BP-CA-FP-CG-RI-CC-DF,16,0,0,0,0,0,0,0.556296655,0,0.087174503,0.007375374,0,0.342048085,0.114499659,0.019103428,0,0.000725447,0,0,0,0.034216899,0,0.002780879,0.02115886,0,0.173865375,1.200972,56.57878976,50.41196817,8.68255116
BC-BU-DP-BA-BP-CA-FP-CG-RI-CC-DF,32,0,0,0,0,0,0,0.611492976,0,0.068535121,0.008151022,0,0.140230843,0.285951149,0.019129949,0,0.00066539,0,0,0,0.049238825,0,0.002994253,0.023954023,0,0.177991699,1.59898552,61.22271804,53.18028484,8.81368684
BC-BU-DP-BA-BP-CA-FP-CG-RI-CC-DF,48,0,0,0,0,0,0,0.899807605,0,0.054458603,0.003787289,0,0.04466389,0.097685934,0.003526097,0,0.000652981,0,0,0,0.08149201,0,0.000783577,0.036436331,0,0.312777825,1.55357368,60.35181256,55.17342669,11.23214938
PC-PJ-BV-BO-BC-BY-DP-BL-BA-BP-CA-EL-AC-BH-CG-ER-RI,0,0.000388235,0.000388235,0.000388235,0,0.000388235,0,0.000388235,0.000388235,0,0.000388235,0.000388235,0.000388235,0.000388235,0.000388235,0.000388235,0,0,0.000388235,0.000388235,0.000388235,0.000388235,0.000388235,0,0,0,0,0,28,0
PC-PJ-BV-BO-BC-BY-DP-BL-BA-BP-CA-EL-AC-BH-CG-ER-RI,16,0.13744321,0.013997284,0.029680988,0,0.155993827,0,0.379613086,0.105738519,0,0.006914321,0.017876049,0.305241975,0.196805185,0.050929877,0.003204198,0,0,0.05126716,0.000337284,0.025802222,0.335766173,0.00337284,0,0,0,16.58824488,43.654392,42.84282617,16.23109398
PC-PJ-BV-BO-BC-BY-DP-BL-BA-BP-CA-EL-AC-BH-CG-ER-RI,32,0.138404663,0.018001958,0.055876207,0,0.131390914,0,0.331516575,0.102868331,0,0.006779958,0.006078583,0.102400748,0.217893828,0.038341832,0.001636542,0,0,0.248754327,0.00140275,0.030626708,0.314683576,0.003740667,0,0,0,15.81950816,45.79604204,40.88216166,14.85762643
PC-PJ-BV-BO-BC-BY-DP-BL-BA-BP-CA-EL-AC-BH-CG-ER-RI,48,0.136654501,0.013861137,0.048432442,0,0.091809647,0,0.328264332,0.114476682,0,0.002772227,0.003750661,0.090015853,0.082025315,0.014676498,0.002446083,0,0,0.612173026,0,0.0363651,0.190468326,0.001141505,0,0,0,17.87633864,38.78385068,37.33314969,17.95597831
PC-PJ-BV-BO-BY-BU-DP-BL-CA-EL-FP-CH-BH-CG-CC-DL,0,0.0004125,0.0004125,0.0004125,0,0.0004125,0,0,0.0004125,0.0004125,0.0004125,0.0004125,0,0,0.0004125,0.0004125,0.0004125,0.0004125,0,0.0004125,0.0004125,0,0,0.0004125,0.0004125,0,0,0,28,0
PC-PJ-BV-BO-BY-BU-DP-BL-CA-EL-FP-CH-BH-CG-CC-DL,16,0.11382052,0.015907743,0.018620692,0,0.243672099,0,0,0.133427738,0.080895191,0.006412424,0.010358531,0,0,0.035884909,0.001603106,0.000739895,0.125288893,0,0.001603106,0.030705644,0,0,0.025896326,0.492400147,0,0.61747424,42.6860582,34.35729933,17.38743592
PC-PJ-BV-BO-BY-BU-DP-BL-CA-EL-FP-CH-BH-CG-CC-DL,32,0.173950813,0.013778282,0.008037331,0,0.233465338,0,0,0.118454954,0.06391592,0.006697776,0.021050153,0,0,0.040760752,0.002105015,0.000574095,0.150412915,0,0.001339555,0.031001135,0,0,0.022963804,0.628060033,0,1.3321384,59.62972876,44.5750734,21.36786224
PC-PJ-BV-BO-BY-BU-DP-BL-CA-EL-FP-CH-BH-CG-CC-DL,48,0.216793057,0.020742071,0.014288982,0,0.510562245,0,0,0.187754157,0.056387705,0.00215103,0.037489373,0,0,0.016132722,0.00184374,0.00122916,0.179918263,0,0.001075515,0.053775741,0,0,0.019051977,0.540215725,0,1.3938088,55.51558076,44.14043577,25.24069653
BV-BF-BL-CA-FP-CH-AC-BH-ER-RI-DF,0,0,0,0.0006,0.0006,0,0,0,0,0,0,0.0006,0,0,0.0006,0,0.0006,0.0006,0.0006,0.0006,0,0.0006,0.0006,0,0,0.0006,0,0,28,0
BV-BF-BL-CA-FP-CH-AC-BH-ER-RI-DF,16,0,0,0.088653422,0.430435692,0,0,0,0,0,0,0.018897177,0,0,0.199703497,0,0.006532357,0.30958708,0.595611014,0.002332985,0,0.600043685,0.008632044,0,0,0.414571395,31.85940104,32.35661536,7.68118245,18.07217348
BV-BF-BL-CA-FP-CH-AC-BH-ER-RI-DF,32,0,0,0.011252305,0.252373129,0,0,0,0,0,0,0.006697801,0,0,0.131544805,0,0.005358241,0.721487087,0.662010617,0.001607472,0,0.191289187,0.00133956,0,0,0.249426097,34.5199824,39.41342328,1.02817301,24.08999451
BV-BF-BL-CA-FP-CH-AC-BH-ER-RI-DF,48,0,0,0.01200963,0.261209455,0,0,0,0,0,0,0.00331845,0,0,0.173191508,0,0.002844386,0.451783322,0.493026921,0.000790107,0,0.136056467,0.000790107,0,0,0.390312979,34.3107644,41.68957704,8.1419459,28.10430182
PC-PJ-BO-BT-BC-BL-EL-FP-BH-CG-RI-DL,0,0.00055,0.00055,0,0,0.00055,0.00055,0.00055,0,0,0,0.00055,0,0,0,0.00055,0.00055,0,0,0.00055,0.00055,0,0.00055,0,0.00055,0,0,0,28,0
PC-PJ-BO-BT-BC-BL-EL-FP-BH-CG-RI-DL,16,0.029069111,0.024350099,0,0,0.284650774,0.435847902,0.490777196,0,0,0,0.026237704,0,0,0,0.003397688,0.000943802,0,0,0.002076365,0.037374571,0,0.005285293,0,0.748623984,0,0.62834832,55.71169032,50.48829771,17.92295688
PC-PJ-BO-BT-BC-BL-EL-FP-BH-CG-RI-DL,32,0.03775142,0.030405198,0,0,0.197123633,0.392002586,0.459955143,0,0,0,0.036731112,0,0,0,0.003264988,0.00122437,0,0,0,0.047546383,0,0.003060926,0,0.394655389,0,1.54392016,58.67614632,61.19132123,19.09383594
PC-PJ-BO-BT-BC-BL-EL-FP-BH-CG-RI-DL,48,0.048812852,0.020498835,0,0,0.181414692,0.480825805,0.440981194,0,0,0,0.018064599,0,0,0,0.002306119,0.000256235,0,0,0.001409295,0.050222146,0,0.000512471,0,0.257260383,0,1.11365816,46.4308706,54.14852064,17.9202274
PJ-BV-BO-BC-BU-DP-BL-EL-CH-CG-RI,0,0,0.0006,0.0006,0,0.0006,0,0.0006,0,0.0006,0.0006,0.0006,0,0,0,0.0006,0,0.0006,0,0,0.0006,0,0.0006,0,0,0,0,0,28,0
PJ-BV-BO-BC-BU-DP-BL-EL-CH-CG-RI,16,0,0.025147127,0.050433188,0,0.362757722,0,0.705369956,0,0.134071697,0.023896717,0.049460647,0,0,0,0.003056557,0,0.110036046,0,0,0.052378269,0,0.007224589,0,0,0,1.55103328,50.4900162,38.12629946,22.69451016
PJ-BV-BO-BC-BU-DP-BL-EL-CH-CG-RI,32,0,0.028247126,0.016615957,0,0.279978871,0,0.7294405,0,0.089103068,0.012046569,0.058986646,0,0,0,0.004777088,0,0.359320064,0,0,0.051301766,0,0.005815585,0,0,0,1.26793928,50.3943924,41.83427751,24.45972218
PJ-BV-BO-BC-BU-DP-BL-EL-CH-CG-RI,48,0,0.022159395,0.021395278,0,0.303048832,0,0.713838171,0,0.058072898,0.011461756,0.039275618,0,0,0,0.00626576,0,0.442729433,0,0,0.04966761,0,0.00534882,0,0,0,1.4403536,48.3770336,43.95759584,26.80896375
PC-PJ-BF-BT-BC-BY-DP-BL-BA-FP-AC-BH-RI-CC-DL-DF,0,0.0004125,0.0004125,0,0.0004125,0,0.0004125,0.0004125,0.0004125,0,0.0004125,0.0004125,0.0004125,0,0,0,0.0004125,0,0.0004125,0.0004125,0,0,0.0004125,0.0004125,0.0004125,0.0004125,0,0,28,0
PC-PJ-BF-BT-BC-BY-DP-BL-BA-FP-AC-BH-RI-CC-DL-DF,16,0.02538762,0.014711801,0,0.161699613,0,0.1784945,0.34761511,0.085666945,0,0.009634276,0.010285241,0.243200384,0,0,0,0.002343473,0,0.012107942,0.000650965,0,0,0.002473666,0.011847556,0.367925207,0.231222635,14.65557864,41.53750092,35.6978967,9.82404307
PC-PJ-BF-BT-BC-BY-DP-BL-BA-FP-AC-BH-RI-CC-DL-DF,32,0.0557399,0.017527277,0,0.116058998,0,0.167061795,0.26764626,0.068845882,0,0.005842426,0.014685016,0.105163663,0,0,0,0.002684358,0,0.107216407,0.00094742,0,0,0.002052744,0.009000494,0.145271126,0.192957953,15.33324056,44.41543452,37.11854845,12.4293732
PC-PJ-BF-BT-BC-BY-DP-BL-BA-FP-AC-BH-RI-CC-DL-DF,48,0.047431858,0.012224706,0,0.125792222,0,0.191194397,0.27041049,0.065891164,0,0.004034153,0.009046282,0.033495694,0,0,0,0.001100224,0,0.228724244,0.000244494,0,0,0.000733482,0.0083128,0.13166008,0.236914797,15.81535592,44.52826036,37.91395019,13.1082371
PC-PJ-BV-BF-BT-BC-DP-CA-EL-CH-AC-BH-CG-RI-DF,0,0.00044,0.00044,0.00044,0.00044,0,0.00044,0.00044,0,0,0.00044,0,0,0,0.00044,0.00044,0,0.00044,0.00044,0.00044,0.00044,0,0.00044,0,0,0.00044,0,0,28,0
PC-PJ-BV-BF-BT-BC-DP-CA-EL-CH-AC-BH-CG-RI-DF,16,0.501511906,0.017587165,0.026103056,0.229003406,0,0.246960828,0.402468396,0,0,0.005924098,0,0,0,0.03239741,0.000370256,0,0.065535332,0.13717989,0.00092564,0.019253318,0,0.002036409,0,0,0.230669559,16.1066376,41.77171028,25.6849406,23.46888324
PC-PJ-BV-BF-BT-BC-DP-CA-EL-CH-AC-BH-CG-RI-DF,32,0.408705521,0.009352529,0.014776996,0.118028917,0,0.176575749,0.240734099,0,0,0.005424467,0,0,0,0.048446101,0.000374101,0,0.132244761,0.475482579,0.000935253,0.022071969,0,0.001683455,0,0,0.364561584,17.4731392,44.76867128,24.86255603,31.22421056
PC-PJ-BV-BF-BT-BC-DP-CA-EL-CH-AC-BH-CG-RI-DF,48,0.299704794,0.008944223,0.00997061,0.127418525,0,0.246772587,0.269206459,0,0,0.003079159,0,0,0,0.014516035,0.001026386,0,0.086069821,0.463779972,0.000586506,0.028005683,0,0.001759519,0,0,0.390906547,18.21414176,35.3468232,27.83471494,34.20577915
BF-BU-DP-BL-BA-CA-EL-FP-AC-CG-RI,0,0,0,0,0.0006,0,0,0,0,0.0006,0.0006,0.0006,0.0006,0,0.0006,0.0006,0.0006,0,0.0006,0,0.0006,0,0.0006,0,0,0,0,0,28,0
BF-BU-DP-BL-BA-CA-EL-FP-AC-CG-RI,16,0,0,0,0.653899976,0,0,0,0,0.11885123,0.011346874,0.080446426,0.49548016,0,0.118996703,0.002327564,0.006837219,0,0.104740374,0,0.047715059,0,0.0048006,0,0,0,13.98745344,34.65300496,36.67985208,7.51790391
BF-BU-DP-BL-BA-CA-EL-FP-AC-CG-RI,32,0,0,0,0.355872727,0,0,0.015107804,0,0.11280494,0.008057496,0.011079057,0.19573,0,0.16400361,0.002014374,0.013429159,0,0.288223336,0,0.018465094,0,0.002517967,0,0.463473867,0,16.31855368,59.05753044,33.70580107,8.21950468
BF-BU-DP-BL-BA-CA-EL-FP-AC-CG-RI,48,0,0,0,0.558288585,0,0,0,0,0.339364011,0.008194211,0.008348818,0.226500354,0,0.10034043,0.043753993,0.012677835,0,0.633273344,0,0.139301583,0,0.002164508,0,0.040198015,0,41.7633344,35.171572,0.97149163,13.56303859
PC-BV-BF-BO-BC-DP-BL-EL-CH-BH-CG-RI,0,0.00055,0,0.00055,0.00055,0.00055,0,0.00055,0,0,0.00055,0.00055,0,0,0,0.00055,0,0.00055,0,0.00055,0.00055,0,0.00055,0,0,0,0,0,28,0
PC-BV-BF-BO-BC-DP-BL-EL-CH-BH-CG-RI,16,0.370977968,0,0.021804542,0.272180836,0.268271056,0,0.55067747,0,0,0.01172934,0.09067682,0,0,0,0.001654138,0,0.127970106,0,0.001654138,0.049022626,0,0.003007523,0,0,0,1.27063736,53.08532572,39.32979007,26.75868703
PC-BV-BF-BO-BC-DP-BL-EL-CH-BH-CG-RI,32,0.370961055,0,0.021348625,0.177675654,0.262611044,0,0.48665683,0,0,0.008493539,0.028235278,0,0,0,0.002754661,0,0.293830539,0,0.002525106,0.053256785,0,0.002754661,0,0,0,1.25717616,55.16469224,37.52224468,29.42929471
PC-BV-BF-BO-BC-DP-BL-EL-CH-BH-CG-RI,48,0.280777235,0,0.01368467,0.222818631,0.346946641,0,0.586508869,0,0,0.005956856,0.022056469,0,0,0,0.002414942,0,0.262584673,0,0.001770957,0.061178526,0,0.003058926,0,0,0,1.34362568,52.12638488,40.52766374,34.79907913
PC-BV-BF-BO-CA-EL-FP-CH-AC-BH-ER,0,0.0006,0,0.0006,0.0006,0.0006,0,0,0,0,0,0,0,0,0.0006,0.0006,0.0006,0.0006,0.0006,0.0006,0,0.0006,0,0,0,0,0,0,28,0
PC-BV-BF-BO-CA-EL-FP-CH-AC-BH-ER,16,1.067542525,0,0.04997435,0.465590177,0.425158667,0,0,0,0,0,0,0,0,0.051983369,0.00100451,0.001757892,0.185080885,0.280760419,0.000753382,0,0.382467011,0,0,0,0,30.25104168,25.53095936,6.55218864,32.70966973
PC-BV-BF-BO-CA-EL-FP-CH-AC-BH-ER,32,0.508427358,0,0.019241183,0.314551521,0.364327626,0,0,0,0,0,0,0,0,0.130923705,0.002300576,0.002718863,0.296565197,0.583300659,0.000836573,0,0.303676069,0,0,0,0,35.23263176,35.93382804,2.35295465,37.36627571
PC-BV-BF-BO-CA-EL-FP-CH-AC-BH-ER,48,0.384194989,0,0.012239163,0.277293546,0.349963579,0,0,0,0,0,0,0,0,0.126598847,0.001912369,0.000764948,0.279970863,0.644085975,0.000956185,0,0.230058025,0,0,0,0,33.34001624,28.31363164,4.67256537,38.54482672
PJ-BV-BY-BA-EL-FP-CH-BH-ER-DL-DF,0,0,0.0006,0.0006,0,0,0,0,0.0006,0,0,0,0.0006,0,0,0.0006,0.0006,0.0006,0,0.0006,0,0.0006,0,0,0.0006,0.0006,0,0,28,0
PJ-BV-BY-BA-EL-FP-CH-BH-ER-DL-DF,16,0,0.016658687,0.036905399,0,0,0,0,0.199263528,0,0,0,0.190421609,0,0,0.001409581,0.000768862,0.225276709,0,0.002562875,0,0.233990484,0,0,0.346756982,0.189652747,2.52886536,55.3094636,45.11048947,11.92328463
PJ-BV-BY-BA-EL-FP-CH-BH-ER-DL-DF,32,0,0.024030352,0.072753962,0,0,0,0,0.256710449,0,0,0,0.169538276,0,0,0.003148805,0.00049718,0.195888799,0,0.002485898,0,0.258699167,0,0,0.444478646,0.216770346,4.44107992,63.91845028,46.82584136,13.4973765
PJ-BV-BY-BA-EL-FP-CH-BH-ER-DL-DF,48,0,0.019761815,0.025739154,0,0,0,0,0.305576214,0,0,0,0.064652852,0,0,0.005367407,0.000853906,0.213354411,0,0.001707811,0,0.310333688,0,0,0.254951812,0.286790291,6.31640904,47.64077368,36.45518561,13.3952095
PJ-BV-BF-BU-DP-BL-BA-EL-RI-DL-DF,0,0,0.0006,0.0006,0.0006,0,0,0,0,0.0006,0.0006,0.0006,0.0006,0,0,0.0006,0,0,0,0,0,0,0.0006,0,0.0006,0.0006,0,0,28,0
PJ-BV-BF-BU-DP-BL-BA-EL-RI-DL-DF,16,0,0.01932589,0.049588958,0.291374951,0,0,0,0,0.108628489,0.009025828,0.017733096,0.327903006,0,0,0.002548469,0,0,0,0,0,0,0.003822703,0,0.271624316,0.152801951,0.44615784,51.71203872,47.41433269,9.2209524
PJ-BV-BF-BU-DP-BL-BA-EL-RI-DL-DF,32,0,0.041861103,0.041372452,0.424474841,0,0,0,0,0.125257541,0.015311065,0.026387154,0.271364192,0,0,0.007329765,0,0,0,0,0,0,0.005863812,0,0.396295966,0.287326792,1.02643776,53.90689452,46.9528866,10.34284408
PJ-BV-BF-BU-DP-BL-BA-EL-RI-DL-DF,48,0,0.0258074,0.037530083,0.376788036,0,0,0,0,0.089757261,0.006386238,0.014697095,0.104016943,0,0,0.004549101,0,0,0,0,0,0,0.00227455,0,0.139884855,0.294554288,1.17102448,51.71130588,50.24453587,12.27343092
BV-BO-BC-BY-BL-BA-FP-AC-BH-CG-DL-DF,0,0,0,0.00055,0,0.00055,0,0.00055,0.00055,0,0,0.00055,0.00055,0,0,0,0.00055,0,0.00055,0.00055,0.00055,0,0,0,0.00055,0.00055,0,0,28,0
BV-BO-BC-BY-BL-BA-FP-AC-BH-CG-DL-DF,16,0,0,0.078014191,0,0.156028382,0,0.306267726,0.120191475,0,0,0.005099868,0.172154991,0,0,0,0.002205348,0,0.091935451,0.00096484,0.017918454,0,0,0,0.5354861,0.248101668,19.41169216,48.74993096,26.27989104,11.83862928
BV-BO-BC-BY-BL-BA-FP-AC-BH-CG-DL-DF,32,0,0,0.031364372,0,0.097835456,0,0.268022815,0.085182783,0,0,0.019068112,0.075381417,0,0,0,0.002494893,0,0.349106844,0.00053462,0.019246319,0,0,0,0.580775501,0.259290688,19.91755296,49.6916146,27.35828787,12.16559384
BV-BO-BC-BY-BL-BA-FP-AC-BH-CG-DL-DF,48,0,0,0.02322757,0,0.118620187,0,0.307809633,0.091669113,0,0,0.015603253,0.050887883,0,0,0,0.002127716,0,0.576079203,0.000709239,0.02890148,0,0,0,0.346463147,0.296461812,21.092888,51.06959808,27.35823222,13.66278525
PJ-BY-BU-EL-FP-CH-AC-BH-CG-CC-DF,0,0,0.0006,0,0,0,0,0,0.0006,0.0006,0,0,0,0,0,0.0006,0.0006,0.0006,0.0006,0.0006,0.0006,0,0,0.0006,0,0.0006,0,0,28,0
PJ-BY-BU-EL-FP-CH-AC-BH-CG-CC-DF,16,0,0.043691266,0,0,0,0,0,0.504739823,0.387759983,0,0,0,0,0,0.002466442,0.004052013,0.188330496,0.686728038,0.002994966,0.031182879,0,0,0.104119105,0,0.608330404,38.002608,43.72336564,8.40138991,12.53650906
PJ-BY-BU-EL-FP-CH-AC-BH-CG-CC-DF,32,0,0.019615313,0,0,0,0,0,0.111669631,0.061943092,0,0,0,0,0,0.001892706,0.003097155,0.451668383,0.56695136,0.001720641,0.010495913,0,0,0.031831867,0,0.575038375,44.08083912,27.5001162,2.32491447,15.77692208
PJ-BY-BU-EL-FP-CH-AC-BH-CG-CC-DF,48,0,0.006866833,0,0,0,0,0,0.08628325,0.050605574,0,0,0,0,0,0.029109401,0.002239185,0.369465474,0.545166833,0.000447837,0.022690405,0,0,0.03358777,0,0.647572213,46.75032648,22.74484352,1.09821781,15.73613445
PC-PJ-BO-BT-BL-BP-CH-AC-BH-CG-CC-DF,0,0.00055,0.00055,0,0,0.00055,0.00055,0,0,0,0,0.00055,0,0.00055,0,0,0,0.00055,0.00055,0.00055,0.00055,0,0,0.00055,0,0.00055,0,0,28,0
PC-PJ-BO-BT-BL-BP-CH-AC-BH-CG-CC-DF,16,0.669887734,0.033146112,0,0,0.439065894,0.403517889,0,0,0,0,0.012970218,0,0.049959358,0,0,0,0.05236125,0.275256846,0.000480378,0.036748951,0,0,0.03074422,0,0.395351456,22.07985384,55.7077976,19.63488407,20.31873156
PC-PJ-BO-BT-BL-BP-CH-AC-BH-CG-CC-DF,32,0.19501642,0.016343392,0,0,0.268340827,0.261715128,0,0,0,0,0.007067413,0,0.024515088,0,0,0,0.085471523,0.852727518,0.00066257,0.027827938,0,0,0.035337064,0,0.433983313,24.87976008,41.31161284,17.94437063,21.61295748
PC-PJ-BO-BT-BL-BP-CH-AC-BH-CG-CC-DF,48,0.143427769,0.01271694,0,0,0.307782148,0.328547785,0,0,0,0,0.00531214,0,0.01722421,0,0,0,0.341586673,0.661441865,0.001287791,0.026882646,0,0,0.019316871,0,0.310518705,24.57851536,40.24458204,20.81031966,26.03988752
PJ-BO-BT-BU-BP-CA-EL-CH-AC-BH-RI,0,0,0.0006,0,0,0.0006,0.0006,0,0,0.0006,0,0,0,0.0006,0.0006,0.0006,0,0.0006,0.0006,0.0006,0,0,0.0006,0,0,0,0,0,28,0
PJ-BO-BT-BU-BP-CA-EL-CH-AC-BH-RI,16,0,0.038265579,0,0,0.767437447,0.685237314,0,0,0.240459009,0,0,0,0.227940023,0.118576054,0.001181036,0,0.116213981,0.274945272,0.001889658,0,0,0.003779316,0,0,0,30.08325264,56.47411972,17.66679214,27.04950106
PJ-BO-BT-BU-BP-CA-EL-CH-AC-BH-RI,32,0,0.026654293,0,0,0.471054045,0.437372712,0,0,0.158956509,0,0,0,0.095955454,0.197968701,0.005330859,0,0.376794774,0.439068894,0.000484624,0,0,0.001696182,0,0,0,40.28632248,21.75963864,2.62496443,28.49397279
PJ-BO-BT-BU-BP-CA-EL-CH-AC-BH-RI,48,0,0.01429392,0,0,0.317146341,0.322889434,0,0,0.077085066,0,0,0,0.042371262,0.149703283,0.001659116,0,0.194244157,0.591410923,0.00089337,0,0,0.002424861,0,0,0,29.7185096,26.11947716,18.98429476,32.90851084
PC-PJ-BF-BU-DP-BA-CA-FP-CH-AC-RI-CC-DL,0,0.000507692,0.000507692,0,0.000507692,0,0,0,0,0.000507692,0.000507692,0,0.000507692,0,0.000507692,0,0.000507692,0.000507692,0.000507692,0,0,0,0.000507692,0.000507692,0.000507692,0,0,0,28,0
PC-PJ-BF-BU-DP-BA-CA-FP-CH-AC-RI-CC-DL,16,0.234724258,0.01835458,0,0.412375152,0,0,0,0,0.096060099,0.006162852,0,0.331454232,0,0.036843134,0,0.002143601,0.124730756,0.031082208,0,0,0,0.00187565,0.013129553,0.346191485,0,13.54771312,40.25249356,31.43729931,8.71148968
PC-PJ-BF-BU-DP-BA-CA-FP-CH-AC-RI-CC-DL,32,0.21358473,0.018061246,0,0.309561349,0,0,0,0,0.075605214,0.004830333,0,0.101016967,0,0.023311608,0,0.00189013,0.11613801,0.276589075,0,0,0,0.001260087,0.010920753,0.200353818,0,14.55722136,49.43749248,33.99626439,11.25567795
PC-PJ-BF-BU-DP-BA-CA-FP-CH-AC-RI-CC-DL,48,0.212199048,0.013053733,0,0.352349588,0,0,0,0,0.055857833,0.002023835,0,0.036530213,0,0.010017981,0,0.001011917,0.16888899,0.366820005,0,0,0,0.001517876,0.010321556,0.215335992,0,18.43259864,49.28660624,35.25383196,15.95044764
PJ-BV-BO-BT-BY-BU-DP-BL-CA-BH-CG-ER-CC-DL,0,0,0.000471429,0.000471429,0,0.000471429,0.000471429,0,0.000471429,0.000471429,0.000471429,0.000471429,0,0,0.000471429,0,0,0,0,0.000471429,0.000471429,0.000471429,0,0.000471429,0.000471429,0,0,0,28,0
PJ-BV-BO-BT-BY-BU-DP-BL-CA-BH-CG-ER-CC-DL,16,0,0.017905464,0.057349385,0,0.192937865,0.302057397,0,0.14025947,0.07006486,0.009471731,0.059684881,0,0,0.037497675,0,0,0,0,0.000908248,0.053846142,0.296088909,0,0.022057456,0.198127854,0,3.89192136,39.82677656,38.10007718,15.62483651
PJ-BV-BO-BT-BY-BU-DP-BL-CA-BH-CG-ER-CC-DL,32,0,0.017040085,0.012780064,0,0.190033994,0.39081065,0,0.12113278,0.053157657,0.007593951,0.04185934,0,0,0.021485325,0,0,0,0,0.000926092,0.03852541,0.312092865,0,0.014447029,0.221150671,0,6.04357008,50.51825024,51.07398057,17.49398366
PJ-BV-BO-BT-BY-BU-DP-BL-CA-BH-CG-ER-CC-DL,48,0,0.014663063,0.009542628,0,0.184102899,0.491678097,0,0.143255796,0.036192163,0.003723952,0.022343715,0,0,0.009659002,0,0,0,0,0.000930988,0.043640068,0.350749771,0,0.012219219,0.119399225,0,7.67700056,48.29735104,48.24101715,19.39194869
BV-BF-BO-BY-BU-DP-CA-EL-CH-RI-DF,0,0,0,0.0006,0.0006,0.0006,0,0,0.0006,0.0006,0.0006,0,0,0,0.0006,0.0006,0,0.0006,0,0,0,0,0.0006,0,0,0.0006,0,0,28,0
BV-BF-BO-BY-BU-DP-CA-EL-CH-RI-DF,16,0,0,0.020134327,0.305522168,0.330982349,0,0,0.1741944,0.10677688,0.01039191,0,0,0,0.048322384,0.000909292,0,0.090669419,0,0,0,0,0.004936157,0,0,0.351376473,0.46527216,33.69138492,33.08148227,22.88228632
BV-BF-BO-BY-BU-DP-CA-EL-CH-RI-DF,32,0,0,0.013909154,0.169952481,0.247322152,0,0,0.175603075,0.073023061,0.007823899,0,0,0,0.085193571,0.002173305,0,0.249060797,0,0,0,0,0.004781272,0,0,0.417274633,1.10605448,46.48639308,39.84736475,27.25804992
BV-BF-BO-BY-BU-DP-CA-EL-CH-RI-DF,48,0,0,0.033497455,0.254556898,0.346377935,0,0,0.201816225,0.059273865,0.00783983,0,0,0,0.05535395,0.002969633,0,0.248142492,0,0,0,0,0.00380113,0,0,0.34851607,1.1603548,37.17692168,42.3134945,31.11002103
BF-BO-BT-BC-BU-CA-EL-AC-ER-RI-DF,0,0,0,0,0.0006,0.0006,0.0006,0.0006,0,0.0006,0,0,0,0,0.0006,0.0006,0,0,0.0006,0,0,0.0006,0.0006,0,0,0.0006,0,0,28,0
BF-BO-BT-BC-BU-CA-EL-AC-ER-RI-DF,16,0,0,0,0.285126075,0.166285527,0.388683865,0.416968372,0,0.059078123,0,0,0,0,0.139597726,0.005930622,0,0,0.405107127,0,0,0.263000292,0.003649614,0,0,0.473309284,40.9549616,17.47333628,9.50877297,19.21585576
BF-BO-BT-BC-BU-CA-EL-AC-ER-RI-DF,32,0,0,0,0.134208745,0.045185859,0.245936963,0.173549667,0,0.026976632,0,0,0,0,0.103860034,0.035968843,0,0,0.339231149,0,0,0.174673693,0.002922468,0,0,0.583594475,43.79219712,14.96073524,1.39819728,20.82460901
BF-BO-BT-BC-BU-CA-EL-AC-ER-RI-DF,48,0,0,0,0.102238258,0.020767146,0.217522543,0.123537895,0,0.02143276,0,0,0,0,0.099708926,0.016374096,0,0,0.303919195,0,0,0.120342949,0.001064982,0,0,0.574291462,45.66858328,14.6485848,0.92954637,22.79118804
PJ-BF-BC-BU-BA-BP-CA-EL-AC-BH-DL,0,0,0.0006,0,0.0006,0,0,0.0006,0,0.0006,0,0,0.0006,0.0006,0.0006,0.0006,0,0,0.0006,0.0006,0,0,0,0,0.0006,0,0,0,28,0
PJ-BF-BC-BU-BA-BP-CA-EL-AC-BH-DL,16,0,0.011810493,0,0.192361707,0,0,0.276528438,0,0.092990663,0,0,0.188832134,0.269876551,0.081315923,0.002307797,0,0,0.016154582,0.000543011,0,0,0,0,0.621069024,0,26.3964548,50.95697712,26.81351147,10.41799526
PJ-BF-BC-BU-BA-BP-CA-EL-AC-BH-DL,32,0,0.015016404,0,0.208352604,0,0,0.435241081,0,0.067573817,0,0,0.085171166,0.213514493,0.146644569,0.007508202,0,0,0.151571827,0.000938525,0,0,0,0,0.632331382,0,29.94350728,47.16309596,24.59648596,11.83518727
PJ-BF-BC-BU-BA-BP-CA-EL-AC-BH-DL,48,0,0.007472525,0,0.199623166,0,0,0.225853253,0,0.057645192,0,0,0.055357685,0.06298271,0.136945457,0.017080057,0,0,0.568216895,0.000457502,0,0,0,0,0.417546392,0,46.79209416,33.96676728,2.52611519,13.34134374
PC-PJ-BV-BF-DP-EL-FP-CH-AC-ER-CC-DF,0,0.00055,0.00055,0.00055,0.00055,0,0,0,0,0,0.00055,0,0,0,0,0.00055,0.00055,0.00055,0.00055,0,0,0.00055,0,0.00055,0,0.00055,0,0,28,0
PC-PJ-BV-BF-DP-EL-FP-CH-AC-ER-CC-DF,16,0.615415124,0.023284994,0.040384912,0.482981719,0,0,0,0,0,0.014553121,0,0,0,0,0.003092538,0.001273398,0.17791191,0.270506145,0,0,0.264502983,0,0.060941196,0,0.401848066,22.19800872,44.67109324,21.63353527,20.11522319
PC-PJ-BV-BF-DP-EL-FP-CH-AC-ER-CC-DF,32,0.320120432,0.0189701,0.015544943,0.300359911,0,0,0,0,0,0.007640735,0,0,0,0,0.003425157,0.000790421,0.212359727,0.43394103,0,0,0.188383629,0,0.037149779,0,0.363857051,23.09581528,41.6460558,20.58756013,27.06987791
PC-PJ-BV-BF-DP-EL-FP-CH-AC-ER-CC-DF,48,0.358778382,0.017739799,0.012490267,0.331806647,0,0,0,0,0,0.005792587,0,0,0,0,0.006697679,0.000905092,0.213239624,0.455442184,0,0,0.19712899,0,0.058287911,0,0.406024173,22.77205152,37.00995236,22.40004724,30.08703907
PC-PJ-BT-BC-BU-DP-BL-BP-CA-EL-RI-CC-DF,0,0.000507692,0.000507692,0,0,0,0.000507692,0.000507692,0,0.000507692,0.000507692,0.000507692,0,0.000507692,0.000507692,0.000507692,0,0,0,0,0,0,0.000507692,0.000507692,0,0.000507692,0,0,28,0
PC-PJ-BT-BC-BU-DP-BL-BP-CA-EL-RI-CC-DF,16,0.048128087,0.018926776,0,0,0,0.411792568,0.502235519,0,0.114101421,0.010139344,0.024875191,0,0.27646612,0.022306557,0.002298251,0,0,0,0,0,0,0.004596503,0.036501639,0,0.175613443,1.69484912,52.51124408,53.21587116,19.04229627
PC-PJ-BT-BC-BU-DP-BL-BP-CA-EL-RI-CC-DF,32,0.025301145,0.022843319,0,0,0,0.48028802,0.558070968,0,0.083999801,0.007662632,0.011566238,0,0.172770675,0.021686696,0.001301202,0,0,0,0,0,0,0.003469871,0.0413493,0,0.265155999,2.31262768,48.67140676,51.94740361,18.54030569
PC-PJ-BT-BC-BU-DP-BL-BP-CA-EL-RI-CC-DF,48,0.023836083,0.021849743,0,0,0,0.50943786,0.524160147,0,0.046270044,0.003037932,0.011567511,0,0.117194076,0.006075864,0.001752653,0,0,0,0,0,0,0.000817905,0.019629716,0,0.222470111,2.1926332,47.57351788,55.31453654,21.16312108
PC-BF-BT-BC-BU-DP-BL-CH-BH-RI-CC,0,0.0006,0,0,0.0006,0,0.0006,0.0006,0,0.0006,0.0006,0.0006,0,0,0,0,0,0.0006,0,0.0006,0,0,0.0006,0.0006,0,0,0,0,28,0
PC-BF-BT-BC-BU-DP-BL-CH-BH-RI-CC,16,0.223630713,0,0,0.227436341,0,0.224131454,0.380462642,0,0.077514632,0.007310812,0.059588121,0,0,0,0,0,0.073007967,0,0.001001481,0,0,0.002303406,0.029343394,0,0,1.39307296,48.2750664,44.61215856,21.51525039
PC-BF-BT-BC-BU-DP-BL-CH-BH-RI-CC,32,0.242523038,0,0,0.215402182,0,0.343704692,0.467313208,0,0.086751968,0.007301769,0.040507432,0,0,0,0,0,0.190889101,0,0.002260071,0,0,0.00312933,0.039985877,0,0,1.64920368,54.72584716,54.49250813,25.41522868
PC-BF-BT-BC-BU-DP-BL-CH-BH-RI-CC,48,0.125542369,0,0,0.207002892,0,0.434910577,0.427184893,0,0.054193403,0.00340839,0.01363356,0,0,0,0,0,0.286645608,0,0.00113613,0,0,0.001704195,0.027948799,0,0,1.20387448,51.52303692,58.47495569,26.93569607
PC-PJ-BV-BT-BC-BA-CA-CH-AC-ER-RI-CC-DL,0,0.000507692,0.000507692,0.000507692,0,0,0.000507692,0.000507692,0,0,0,0,0.000507692,0,0.000507692,0,0,0.000507692,0.000507692,0,0,0.000507692,0.000507692,0.000507692,0.000507692,0,0,0,28,0
PC-PJ-BV-BT-BC-BA-CA-CH-AC-ER-RI-CC-DL,16,0.250194777,0.011749478,0.024051874,0,0,0.214531654,0.367827792,0,0,0,0,0.155784262,0,0.019213853,0,0,0.030548644,0.044648018,0,0,0.421737164,0.001244062,0.005114479,0.285028525,0,23.06659776,44.34198504,19.0064212,15.69509423
PC-PJ-BV-BT-BC-BA-CA-CH-AC-ER-RI-CC-DL,32,0.15661756,0.017906355,0.027490039,0,0,0.245140529,0.348795629,0,0,0,0,0.050188236,0,0.008574874,0,0,0.056493291,0.360144727,0,0,0.402262493,0.002774224,0.006052853,0.358631514,0,24.43172696,51.75863316,22.40645441,18.78295043
PC-PJ-BV-BT-BC-BA-CA-CH-AC-ER-RI-CC-DL,48,0.092571837,0.005503509,0.010019208,0,0,0.24342442,0.255842593,0,0,0,0,0.017216104,0,0.004797931,0,0,0.049390462,0.604539255,0,0,0.248504582,0.00127004,0.004515699,0.171314345,0,25.56062816,42.13534076,21.47216511,22.72741472
BF-BO-BC-BL-CA-EL-BH-CG-RI-CC-DL,0,0,0,0,0.0006,0.0006,0,0.0006,0,0,0,0.0006,0,0,0.0006,0.0006,0,0,0,0.0006,0.0006,0,0.0006,0.0006,0.0006,0,0,0,28,0
BF-BO-BC-BL-CA-EL-BH-CG-RI-CC-DL,16,0,0,0,0.377157813,0.275887667,0,0.465602189,0,0,0,0.022311497,0,0,0.030728408,0.001870425,0,0,0,0.002538434,0.039278922,0,0.002004027,0.01576501,0.48978411,0,0.9903232,49.95978676,44.20675573,16.65050648
BF-BO-BC-BL-CA-EL-BH-CG-RI-CC-DL,32,0,0,0,0.316463055,0.231128091,0,0.510803636,0,0,0,0.026082948,0,0,0.027741402,0.003769212,0,0,0,0.001055379,0.040104418,0,0.00195999,0.016735302,0.478991485,0,2.18375056,57.79141932,59.83380255,18.05984558
BF-BO-BC-BL-CA-EL-BH-CG-RI-CC-DL,48,0,0,0,0.404990661,0.226853821,0,0.640825138,0,0,0,0.020052697,0,0,0.0119332,0.003936726,0,0,0,0.002460454,0.057820659,0,0.003936726,0.014516676,0.331054031,0,1.97078912,56.472591,57.12771,19.83798493
BY-BU-DP-BL-CA-EL-CH-BH-CG-CC-DF,0,0,0,0,0,0,0,0,0.0006,0.0006,0.0006,0.0006,0,0,0.0006,0.0006,0,0.0006,0,0.0006,0.0006,0,0,0.0006,0,0.0006,0,0,28,0
BY-BU-DP-BL-CA-EL-CH-BH-CG-CC-DF,16,0,0,0,0,0,0,0,0.439765211,0.252160086,0.017313591,0.021641989,0,0,0.075437789,0.00333905,0,0.234104484,0,0.001978696,0.06542064,0,0,0.078158496,0,0.286292594,1.89456544,44.12949296,40.21879511,12.06313278
BY-BU-DP-BL-CA-EL-CH-BH-CG-CC-DF,32,0,0,0,0,0,0,0,0.420563986,0.238241925,0.014562465,0.032037423,0,0,0.104267249,0.003203742,0,0.258629376,0,0.001164997,0.0620361,0,0,0.06858921,0,0.262415617,3.09133912,52.83701904,47.23850837,14.60883282
BY-BU-DP-BL-CA-EL-CH-BH-CG-CC-DF,48,0,0,0,0,0,0,0,0.481842075,0.14896879,0.006519691,0.026201777,0,0,0.09754934,0.00688873,0,0.305441376,0,0.001968209,0.075899045,0,0,0.060891454,0,0.336194636,3.25874272,51.39519968,46.88506409,17.77479588
PJ-BV-BF-BT-BC-BY-DP-CH-AC-BH-CC-DF,0,0,0.00055,0.00055,0.00055,0,0.00055,0.00055,0.00055,0,0.00055,0,0,0,0,0,0,0.00055,0.00055,0.00055,0,0,0,0.00055,0,0.00055,0,0,28,0
PJ-BV-BF-BT-BC-BY-DP-CH-AC-BH-CC-DF,16,0,0.018954745,0.022217447,0.217668832,0,0.267075462,0.479772558,0.134858349,0,0.010720307,0,0,0,0,0,0,0.207414626,0.135635182,0.001087567,0,0,0,0.017711811,0,0.349885946,19.17968064,30.62998128,25.32123446,17.31927809
PJ-BV-BF-BT-BC-BY-DP-CH-AC-BH-CC-DF,32,0,0.013282248,0.013693039,0.1131045,0,0.196221244,0.277420964,0.109407379,0,0.005888007,0,0,0,0,0,0,0.110639753,0.382857362,0.000273861,0,0,0,0.015473134,0,0.192524124,18.96491464,34.70632892,28.10689167,19.40495142
PJ-BV-BF-BT-BC-BY-DP-CH-AC-BH-CC-DF,48,0,0.006794664,0.009292703,0.108714629,0,0.207337183,0.197944559,0.086032441,0,0.001998431,0,0,0,0,0,0,0.184754916,0.322646633,0.000299765,0,0,0,0.013289564,0,0.219127924,19.29709384,31.326526,29.43884845,22.09970595
PC-PJ-BF-BT-BC-BU-DP-BL-CH-AC-BH-CG-RI-DF,0,0.000471429,0.000471429,0,0.000471429,0,0.000471429,0.000471429,0,0.000471429,0.000471429,0.000471429,0,0,0,0,0,0.000471429,0.000471429,0.000471429,0.000471429,0,0.000471429,0,0,0.000471429,0,0,28,0
PC-PJ-BF-BT-BC-BU-DP-BL-CH-AC-BH-CG-RI-DF,16,0.53940379,0.020692037,0,0.252693668,0,0.232628662,0.36665663,0,0.076027561,0.007837893,0.010502777,0,0,0,0,0,0.092800652,0.093741199,0.001254063,0.036054307,0,0.001881094,0,0,0.317434663,17.3061152,42.03031612,25.89670369,19.86752665
PC-PJ-BF-BT-BC-BU-DP-BL-CH-AC-BH-CG-RI-DF,32,0.469387454,0.012050772,0,0.117741971,0,0.175822742,0.238249692,0,0.044252016,0.006124163,0.003160858,0,0,0,0,0,0.127817207,0.383649173,0.000790215,0.020940686,0,0.002568197,0,0,0.320827115,18.10319344,45.18682348,24.79163196,29.05299216
PC-PJ-BF-BT-BC-BU-DP-BL-CH-AC-BH-CG-RI-DF,48,0.339876543,0.007830489,0,0.110793089,0,0.182933551,0.207091443,0,0.032488199,0.004165154,0.00216588,0,0,0,0,0,0.230916122,0.419847495,0.000666425,0.019992738,0,0.000833031,0,0,0.274233721,18.41040664,42.94501864,25.06092231,31.0136636
PJ-BV-BO-BT-BC-BY-BP-CA-EL-FP-AC-BH-CG,0,0,0.000507692,0.000507692,0,0.000507692,0.000507692,0.000507692,0.000507692,0,0,0,0,0.000507692,0.000507692,0.000507692,0.000507692,0,0.000507692,0.000507692,0.000507692,0,0,0,0,0,0,0,28,0
PJ-BV-BO-BT-BC-BY-BP-CA-EL-FP-AC-BH-CG,16,0,0.021880267,0.06548109,0,0.181749951,0.389053498,0.485997452,0.160508524,0,0,0,0,0.558665491,0.145815207,0.004471879,0.00047913,0,0.120261611,0.00095826,0.036413874,0,0,0,0,0,27.6256872,38.64036376,19.94689136,26.23714146
PJ-BV-BO-BT-BC-BY-BP-CA-EL-FP-AC-BH-CG,32,0,0.016761192,0.042363451,0,0.08693717,0.263758531,0.372061615,0.146061812,0,0,0,0,0.346275167,0.229131015,0.008841068,0.002026078,0,0.331171675,0.000920945,0.021365915,0,0,0,0,0,28.31971864,30.10306144,18.35188816,27.24849297
PJ-BV-BO-BT-BC-BY-BP-CA-EL-FP-AC-BH-CG,48,0,0.011548719,0.020958786,0,0.051612793,0.243093402,0.238530945,0.098235398,0,0,0,0,0.190054841,0.310104486,0.008697183,0.003279266,0,0.520120076,0.000855461,0.022241977,0,0,0,0,0,31.56232608,26.84050504,14.07963024,31.26035732
PJ-BC-BP-EL-FP-AC-BH-ER-RI-CC-DF,0,0,0.0006,0,0,0,0,0.0006,0,0,0,0,0,0.0006,0,0.0006,0.0006,0,0.0006,0.0006,0,0.0006,0.0006,0.0006,0,0.0006,0,0,28,0
PJ-BC-BP-EL-FP-AC-BH-ER-RI-CC-DF,16,0,0.03816385,0,0,0,0,0.835887445,0,0,0,0,0,0.155629207,0,0.003469441,0.000495634,0,0.321914554,0.001486903,0,0.435414836,0.002725989,0.083018765,0,0.464657267,36.42101336,32.9392862,23.6212902,8.04930049
PJ-BC-BP-EL-FP-AC-BH-ER-RI-CC-DF,32,0,0.031598928,0,0,0,0,0.377524032,0,0,0,0,0,0.070908599,0,0.003628585,0.000755955,0,0.786949374,0.000907146,0,0.197001928,0.001058337,0.066524059,0,0.371022817,37.68227232,24.35392376,20.18353371,7.34536986
PJ-BC-BP-EL-FP-AC-BH-ER-RI-CC-DF,48,0,0.02240653,0,0,0,0,0.297446682,0,0,0,0,0,0.037306872,0,0.004033175,0.000224065,0,0.482300553,0.000560163,0,0.115729726,0.001232359,0.043804766,0,0.413064376,43.73560752,19.1224942,15.12762733,8.62438006
BV-BO-BC-BU-DP-BP-EL-FP-AC-RI-DL-DF,0,0,0,0.00055,0,0.00055,0,0.00055,0,0.00055,0.00055,0,0,0.00055,0,0.00055,0.00055,0,0.00055,0,0,0,0.00055,0,0.00055,0.00055,0,0,28,0
BV-BO-BC-BU-DP-BP-EL-FP-AC-RI-DL-DF,16,0,0,0.026314899,0,0.161782924,0,0.445742165,0,0.043768658,0.004699089,0,0,0.181653358,0,0.003893531,0.00013426,0,0.032356585,0,0,0,0.001611116,0,0.258584159,0.286778694,16.23735432,41.22649308,42.43175075,13.71224011
BV-BO-BC-BU-DP-BP-EL-FP-AC-RI-DL-DF,32,0,0,0.076665507,0,0.128527467,0,0.416740575,0,0.052271936,0.010044411,0,0,0.136317011,0,0.00409976,0.000204988,0,0.306252051,0,0,0,0.001434916,0,0.250905295,0.265254454,15.86196496,42.51488096,45.65597819,13.72554444
BV-BO-BC-BU-DP-BP-EL-FP-AC-RI-DL-DF,48,0,0,0.030022259,0,0.088923071,0,0.284496642,0,0.020300765,0.003145189,0,0,0.028592627,0,0.003431115,9.53E-05,0,0.463677106,0,0,0,0.000953088,0,0.129048058,0.16726687,17.12129088,41.64904232,46.12810166,15.3458829
PC-BF-BO-BU-BA-BP-CA-FP-CG-CC-DL-DF,0,0.00055,0,0,0.00055,0.00055,0,0,0,0.00055,0,0,0.00055,0.00055,0.00055,0,0.00055,0,0,0,0.00055,0,0,0.00055,0.00055,0.00055,0,0,28,0
PC-BF-BO-BU-BA-BP-CA-FP-CG-CC-DL-DF,16,0.024847546,0,0,0.318677911,0.233935845,0,0,0,0.064777226,0,0,0.1877129,0.059786016,0.011067466,0,0.00119355,0,0,0,0.036674543,0,0,0.014214098,0.19628476,0.115991381,0.41472696,54.95272024,47.06975531,12.03608303
PC-BF-BO-BU-BA-BP-CA-FP-CG-CC-DL-DF,32,0.028952329,0,0,0.396607248,0.323433211,0,0,0,0.064250374,0,0,0.067423232,0.144761646,0.008527056,0,0.000396607,0,0,0,0.031926883,0,0,0.014872772,0.252440513,0.123344854,1.63867416,65.2522112,52.73987816,11.26604922
PC-BF-BO-BU-BA-BP-CA-FP-CG-CC-DL-DF,48,0.034804144,0,0,0.4375,0.340763007,0,0,0,0.054786751,0,0,0.026599365,0.097531004,0.003308379,0,0.000926346,0,0,0,0.062329855,0,0,0.00926346,0.157346491,0.229336812,1.41900256,62.52077468,59.88472601,16.39035763
BC-BU-BL-CA-EL-FP-AC-ER-RI-CC-DL,0,0,0,0,0,0,0,0.0006,0,0.0006,0,0.0006,0,0,0.0006,0.0006,0.0006,0,0.0006,0,0,0.0006,0.0006,0.0006,0.0006,0,0,0,28,0
BC-BU-BL-CA-EL-FP-AC-ER-RI-CC-DL,16,0,0,0,0,0,0,0.341841121,0,0.072999529,0,0.008330701,0,0,0.032475612,0.002117975,0.000423595,0,0.120865758,0,0,0.497159267,0.00084719,0.016379005,0.603763995,0,37.06220448,31.8131948,14.47690446,6.76492558
BC-BU-BL-CA-EL-FP-AC-ER-RI-CC-DL,32,0,0,0,0,0,0,0.223361386,0,0.067694509,0,0.009300372,0,0,0.088277299,0.011129953,0.001372186,0,0.580129743,0,0,0.246841013,0.001372186,0.012197209,0.207047619,0,44.18220984,29.59939548,6.48711895,8.74292394
BC-BU-BL-CA-EL-FP-AC-ER-RI-CC-DL,48,0,0,0,0,0,0,0.184252297,0,0.026445624,0,0.008020394,0,0,0.082154848,0.021459973,0.001083837,0,0.552865276,0,0,0.278654504,0.000433535,0.01755816,0.297079734,0,49.125764,25.67435172,3.18149782,7.94510523
PC-PJ-BV-BF-BC-BY-BU-DP-BL-BA-BP-CA-FP-BH-ER-RI-CC-DL-DF,0,0.000347368,0.000347368,0.000347368,0.000347368,0,0,0.000347368,0.000347368,0.000347368,0.000347368,0.000347368,0.000347368,0.000347368,0.000347368,0,0.000347368,0,0,0.000347368,0,0.000347368,0.000347368,0.000347368,0.000347368,0.000347368,0,0,28,0
PC-PJ-BV-BF-BC-BY-BU-DP-BL-BA-BP-CA-FP-BH-ER-RI-CC-DL-DF,16,0.017562728,0.012169449,0.038997554,0.213241944,0,0,0.322905278,0.117822397,0.060985537,0.00525499,0.009818533,0.150735226,0.073293275,0.01382892,0,0.000691446,0,0,0.000829735,0,0.061676983,0.002074338,0.008159063,0.099706512,0.089887979,0.92889808,50.68101952,46.16085354,12.37388257
PC-PJ-BV-BF-BC-BY-BU-DP-BL-BA-BP-CA-FP-BH-ER-RI-CC-DL-DF,32,0.015809461,0.017734091,0.042204388,0.241541074,0,0,0.331173846,0.120151906,0.048390699,0.004399154,0.012235148,0.05265238,0.092519717,0.0072861,0,0.000687368,0,0,0.001512209,0,0.066949632,0.000549894,0.007423573,0.074510679,0.117402435,2.07398192,59.4970138,51.12721907,13.67614613
PC-PJ-BV-BF-BC-BY-BU-DP-BL-BA-BP-CA-FP-BH-ER-RI-CC-DL-DF,48,0.016844742,0.011879976,0.013121168,0.206481076,0,0,0.348686162,0.1193317,0.031295758,0.002127757,0.005585362,0.016756086,0.030409192,0.00257104,0,0.000177313,0,0,0.000886565,0,0.076953875,0.000886565,0.005319392,0.049381691,0.146637913,2.2748896,57.86552284,50.62089682,15.90120013
PC-PJ-BV-BO-BC-BY-BU-BP-EL-FP-AC-BH-CG-ER,0,0.000471429,0.000471429,0.000471429,0,0.000471429,0,0.000471429,0.000471429,0.000471429,0,0,0,0.000471429,0,0.000471429,0.000471429,0,0.000471429,0.000471429,0.000471429,0.000471429,0,0,0,0,0,0,28,0
PC-PJ-BV-BO-BC-BY-BU-BP-EL-FP-AC-BH-CG-ER,16,0.325571939,0.023452216,0.096765025,0,0.15884442,0,0.543342515,0.130465268,0.051240136,0,0,0,0.163574279,0,0.001379542,0.00078831,0,0.199836529,0,0.032714856,0.460964143,0,0,0,0,27.34492336,39.02568,19.65877647,24.68229167
PC-PJ-BV-BO-BC-BY-BU-BP-EL-FP-AC-BH-CG-ER,32,0.081640618,0.019221213,0.049935523,0,0.120677515,0,0.42623536,0.14227661,0.046963171,0,0,0,0.092539244,0,0.002576039,0.000396314,0,0.67888533,0.000396314,0.025958546,0.254037067,0,0,0,0,28.9304308,29.442812,16.89358733,26.87886709
PC-PJ-BV-BO-BC-BY-BU-BP-EL-FP-AC-BH-CG-ER,48,0.13226124,0.014436453,0.048704801,0,0.077723529,0,0.364556891,0.137948327,0.02960202,0,0,0,0.072036442,0,0.004083037,0.000291646,0,0.614059627,0.000583291,0.043455181,0.183445027,0,0,0,0,32.80726808,25.28251872,14.04004825,28.29793656
PC-BV-BF-BY-BU-EL-FP-CH-AC-ER-DF,0,0.0006,0,0.0006,0.0006,0,0,0,0.0006,0.0006,0,0,0,0,0,0.0006,0.0006,0.0006,0.0006,0,0,0.0006,0,0,0,0.0006,0,0,28,0
PC-BV-BF-BY-BU-EL-FP-CH-AC-ER-DF,16,0.787667417,0,0.041749156,0.399293213,0,0,0,0.166568429,0.095701912,0,0,0,0,0,0.000642295,0.000642295,0.091848144,0.231440195,0,0,0.223090364,0,0,0,0.434833521,28.76135112,35.59840008,12.28203507,30.72382223
PC-BV-BF-BY-BU-EL-FP-CH-AC-ER-DF,32,0.304693046,0,0.011196695,0.237751102,0,0,0,0.146748175,0.0838561,0,0,0,0,0,0.000238228,0.000714683,0.160327146,0.578416509,0,0,0.157706643,0,0,0,0.461446779,27.62634128,32.68439184,11.42920624,32.95573009
PC-BV-BF-BY-BU-EL-FP-CH-AC-ER-DF,48,0.344178566,0,0.011241413,0.287493145,0,0,0,0.160249923,0.072710413,0,0,0,0,0,0.004066043,0.000956716,0.17053462,0.3881875,0,0,0.14446411,0,0,0,0.486011707,28.42469848,30.0191946,10.64239686,35.99038782
PC-BF-BO-BT-BC-BY-DP-BL-BP-CA-FP-CH-AC-BH-ER-RI-DL-DF,0,0.000366667,0,0,0.000366667,0.000366667,0.000366667,0.000366667,0.000366667,0,0.000366667,0.000366667,0,0.000366667,0.000366667,0,0.000366667,0.000366667,0.000366667,0.000366667,0,0.000366667,0.000366667,0,0.000366667,0.000366667,0,0,28,0
PC-BF-BO-BT-BC-BY-DP-BL-BP-CA-FP-CH-AC-BH-ER-RI-DL-DF,16,0.13153105,0,0,0.148796148,0.138779756,0.134298738,0.26530261,0.077890632,0,0.006062553,0.006721527,0,0.078022427,0.031367124,0,0.001054357,0.029390205,0.015947151,0.000395384,0,0.223391914,0.002108714,0,0.339107608,0.116638256,19.5605888,45.50596348,32.41479527,15.30427718
PC-BF-BO-BT-BC-BY-DP-BL-BP-CA-FP-CH-AC-BH-ER-RI-DL-DF,32,0.106934773,0,0,0.142202502,0.129000678,0.155404326,0.210474791,0.074873201,0,0.00452634,0.006035119,0,0.101088251,0.011315849,0,0.001320182,0.041868641,0.195009797,0.00075439,0,0.174075477,0.000565792,0,0.209343206,0.102974226,19.28122656,48.95213964,35.92655884,17.25907119
PC-BF-BO-BT-BC-BY-DP-BL-BP-CA-FP-CH-AC-BH-ER-RI-DL-DF,48,0.071568831,0,0,0.13967719,0.152260721,0.169877664,0.231065082,0.081792949,0,0.002359412,0.003460471,0,0.01903259,0.012426237,0,0.000157294,0.072984478,0.268029203,0.000471882,0,0.129924954,0.001101059,0,0.124734248,0.11340907,19.09550288,45.82366144,36.55860186,19.60339291
BF-BC-BY-BA-CA-EL-FP-CH-AC-BH-ER-CC-DL-DF,0,0,0,0,0.000471429,0,0,0.000471429,0.000471429,0,0,0,0.000471429,0,0.000471429,0.000471429,0.000471429,0.000471429,0.000471429,0.000471429,0,0.000471429,0,0.000471429,0.000471429,0.000471429,0,0,28,0
BF-BC-BY-BA-CA-EL-FP-CH-AC-BH-ER-CC-DL-DF,16,0,0,0,0.158661918,0,0,0.338587804,0.118791977,0,0,0,0.091598633,0,0.017174744,0.000408922,0.000204461,0.035576255,0.12431243,0.000613384,0,0.346152869,0,0.006951682,0.551023026,0.103048462,25.63802568,59.685464,22.14417596,13.5931722
BF-BC-BY-BA-CA-EL-FP-CH-AC-BH-ER-CC-DL-DF,32,0,0,0,0.126627674,0,0,0.277241401,0.07491748,0,0,0,0.037848124,0,0.035667573,0.000934522,0.000623014,0.055604034,0.456981051,0.000311507,0,0.197651313,0,0.005139869,0.235499437,0.155130582,27.37300208,41.15194828,21.36678998,14.47412695
BF-BC-BY-BA-CA-EL-FP-CH-AC-BH-ER-CC-DL-DF,48,0,0,0,0.153531549,0,0,0.219147244,0.083327344,0,0,0,0.023401402,0,0.049372369,0.001376553,0.000642391,0.056255134,0.406633769,0.00018354,0,0.114712754,0,0.005414442,0.145822852,0.180420219,28.44683208,36.78762604,23.73217468,20.582903
BV-BO-BT-BY-BL-BA-BP-EL-FP-AC-BH-DL-DF,0,0,0,0.000507692,0,0.000507692,0.000507692,0,0.000507692,0,0,0.000507692,0.000507692,0.000507692,0,0.000507692,0.000507692,0,0.000507692,0.000507692,0,0,0,0,0.000507692,0.000507692,0,0,28,0
BV-BO-BT-BY-BL-BA-BP-EL-FP-AC-BH-DL-DF,16,0,0,0.032489812,0,0.135712654,0.261949113,0,0.118452441,0,0,0.019460044,0.158387836,0.093238993,0,0.002707484,0.000338436,0,0.08359358,0,0,0,0,0,0.441150735,0.319652374,21.38343968,48.45826064,31.17420095,14.57282178
BV-BO-BT-BY-BL-BA-BP-EL-FP-AC-BH-DL-DF,32,0,0,0.090431499,0,0.118181938,0.27672815,0,0.119540351,0,0,0.004851475,0.063263238,0.081310726,0,0.003104944,0.000388118,0,0.335916148,0.000970295,0,0,0,0,0.286237041,0.241215351,21.2879148,43.13432776,29.60274512,14.07976233
BV-BO-BT-BY-BL-BA-BP-EL-FP-AC-BH-DL-DF,48,0,0,0.024860418,0,0.078544509,0.234312441,0,0.096559304,0,0,0.002522071,0.02822318,0.026661897,0,0.002882367,0,0,0.441722787,0.000240197,0,0,0,0,0.217138336,0.323185432,20.67110568,31.98301668,22.82764329,14.12608055
PC-PJ-BV-BF-BY-BU-BA-EL-FP-CH-AC-CG-RI,0,0.000507692,0.000507692,0.000507692,0.000507692,0,0,0,0.000507692,0.000507692,0,0,0.000507692,0,0,0.000507692,0.000507692,0.000507692,0.000507692,0,0.000507692,0,0.000507692,0,0,0,0,0,28,0
PC-PJ-BV-BF-BY-BU-BA-EL-FP-CH-AC-CG-RI,16,0.988882362,0.016380789,0.066816376,0.455644576,0,0,0,0.161868059,0.088585582,0,0,0.21726099,0,0,0.000215537,0.001724294,0.12264038,0.096129367,0,0.039874289,0,0.002801977,0,0,0,27.724354,34.51369444,13.83075231,28.11259582
PC-PJ-BV-BF-BY-BU-BA-EL-FP-CH-AC-CG-RI,32,0.701723021,0.02038525,0.031623272,0.338970115,0,0,0,0.200977655,0.095131166,0,0,0.068734881,0,0,0,0.002874843,0.128583883,0.585422557,0,0.0407705,0,0.002352144,0,0,0,27.77576936,39.0649618,13.0004877,33.202224
PC-PJ-BV-BF-BY-BU-BA-EL-FP-CH-AC-CG-RI,48,0.398038767,0.014821303,0.014287202,0.355043637,0,0,0,0.188537651,0.065160321,0,0,0.054878877,0,0,0.000534101,0.001602303,0.121107401,0.583104762,0,0.055412978,0,0.002403454,0,0,0,30.66306536,30.7933652,11.23758845,38.09345216
PC-PJ-BV-BO-BT-BY-BA-BP-EL-FP-CH-CG-DL,0,0.000507692,0.000507692,0.000507692,0,0.000507692,0.000507692,0,0.000507692,0,0,0,0.000507692,0.000507692,0,0.000507692,0.000507692,0.000507692,0,0,0.000507692,0,0,0,0.000507692,0,0,0,28,0
PC-PJ-BV-BO-BT-BY-BA-BP-EL-FP-CH-CG-DL,16,0.095575214,0.008626416,0.038476555,0,0.1925197,0.262078739,0,0.118442063,0,0,0,0.098587613,0.094753651,0,0.001095418,0.000410782,0.111869556,0,0,0.03573801,0,0,0,0.389968781,0,0.2882968,55.20046744,45.46739889,18.52065268
PC-PJ-BV-BO-BT-BY-BA-BP-EL-FP-CH-CG-DL,32,0.094249692,0.01599016,0.032902829,0,0.274600246,0.346248462,0,0.153444034,0,0,0,0.062423124,0.125,0,0.00199877,0.000461255,0.063653137,0,0,0.037054121,0,0,0,0.375,0,0.67634144,62.31156856,54.89961756,19.87302708
PC-PJ-BV-BO-BT-BY-BA-BP-EL-FP-CH-CG-DL,48,0.07797902,0.01435366,0.016837948,0,0.382304223,0.448137838,0,0.178730675,0,0,0,0.020840411,0.072872429,0,0.005106591,0.000552064,0.050927891,0,0,0.059208849,0,0,0,0.221929672,0,0.85651128,57.06243264,51.04263107,22.54862624
PC-PJ-BL-BA-BP-CA-EL-FP-CH-AC-ER-RI,0,0.00055,0.00055,0,0,0,0,0,0,0,0,0.00055,0.00055,0.00055,0.00055,0.00055,0.00055,0.00055,0.00055,0,0,0.00055,0.00055,0,0,0,0,0,28,0
PC-PJ-BL-BA-BP-CA-EL-FP-CH-AC-ER-RI,16,1.538223251,0.030307879,0,0,0,0,0,0,0,0,0.007675372,0.193458733,0.098008595,0.021254876,0.003739284,0.000196804,0.085413113,0.18263449,0,0,0.217075262,0.001574435,0,0,0,36.7648784,52.49782444,15.84337908,12.87809368
PC-PJ-BL-BA-BP-CA-EL-FP-CH-AC-ER-RI,32,0.576387893,0.02246188,0,0,0,0,0,0,0,0,0.00641768,0.187316038,0.087240339,0.065781221,0.042316578,0.00080221,0.426575173,0.632743146,0,0,0.17708786,0,0,0,0,52.3777972,32.01914648,1.6869169,15.7903282
PC-PJ-BL-BA-BP-CA-EL-FP-CH-AC-ER-RI,48,0.512467289,0.019078515,0,0,0,0,0,0,0,0,0.010100391,0.185173826,0.074579651,0.043258238,0.031321413,0.000204048,0.093760191,0.259243357,0,0,0.099677591,0.000612145,0,0,0,57.23525808,21.92447248,1.41084838,15.84177739
PC-PJ-BF-BY-DP-BA-CA-CG-RI-CC-DL,0,0.0006,0.0006,0,0.0006,0,0,0,0.0006,0,0.0006,0,0.0006,0,0.0006,0,0,0,0,0,0.0006,0,0.0006,0.0006,0.0006,0,0,0,28,0
PC-PJ-BF-BY-DP-BA-CA-CG-RI-CC-DL,16,0.029557371,0.016063788,0,0.316456632,0,0,0,0.195871127,0,0.006211332,0,0.305961623,0,0.014243226,0,0,0,0,0,0.03287722,0,0.00224893,0.011565928,0.150678335,0,1.16103224,49.845905,47.32895446,9.30105359
PC-PJ-BF-BY-DP-BA-CA-CG-RI-CC-DL,32,0.039399797,0.023416861,0,0.316963934,0,0,0,0.157134568,0,0.008641937,0,0.186498568,0,0.01170843,0,0,0,0,0,0.037262544,0,0.002323101,0.011150886,0.242438846,0,0.65336104,50.2016476,45.12414227,10.88909069
PC-PJ-BF-BY-DP-BA-CA-CG-RI-CC-DL,48,0.054669562,0.023296688,0,0.426898872,0,0,0,0.234002292,0,0.006108909,0,0.144128845,0,0.010043461,0,0,0,0,0,0.070925474,0,0.002381439,0.021847117,0.148995265,0,0.81886664,48.73164936,46.20070636,13.84501951
PC-BO-BC-BU-DP-BL-CA-AC-BH-CG-RI-CC-DF,0,0.000507692,0,0,0,0.000507692,0,0.000507692,0,0.000507692,0.000507692,0.000507692,0,0,0.000507692,0,0,0,0.000507692,0.000507692,0.000507692,0,0.000507692,0.000507692,0,0.000507692,0,0,28,0
PC-BO-BC-BU-DP-BL-CA-AC-BH-CG-RI-CC-DF,16,0.353223313,0,0,0,0.115742413,0,0.480049379,0,0.077222175,0.014717638,0.012718946,0,0,0.063049634,0,0,0,0.123010382,0.001271895,0.080129363,0,0.00236209,0.107747646,0,0.693727679,23.90332376,32.30355932,28.1723843,10.42670019
PC-BO-BC-BU-DP-BL-CA-AC-BH-CG-RI-CC-DF,32,0.445349039,0,0,0,0.061581757,0,0.204775324,0,0.041551705,0.005966399,0.007031827,0,0,0.040060105,0,0,0,0.534418847,0.001065428,0.04474799,0,0.000426171,0.047518103,0,0.445135953,25.5111984,31.69792616,25.77871085,14.61425785
PC-BO-BC-BU-DP-BL-CA-AC-BH-CG-RI-CC-DF,48,0.211284126,0,0,0,0.031025569,0,0.154662462,0,0.029939674,0.00217179,0.004653835,0,0,0.049330655,0,0,0,0.610428073,0.000465384,0.052278084,0,0.001241023,0.034438382,0,0.47670787,26.92785392,31.49835728,25.4783307,15.0392688
PC-PJ-BF-BO-BY-BU-AC-BH-RI-DL-DF,0,0.0006,0.0006,0,0.0006,0.0006,0,0,0.0006,0.0006,0,0,0,0,0,0,0,0,0.0006,0.0006,0,0,0.0006,0,0.0006,0.0006,0,0,28,0
PC-PJ-BF-BO-BY-BU-AC-BH-RI-DL-DF,16,0.211014983,0.020814916,0,0.348876094,0.12066618,0,0,0.124286166,0.054601447,0,0,0,0,0,0,0,0,0.152491885,0.001206662,0,0,0.002262491,0,0.359585218,0.256113968,29.75742152,37.50445388,17.41829634,11.86131714
PC-PJ-BF-BO-BY-BU-AC-BH-RI-DL-DF,32,0.254934197,0.013342683,0,0.24852971,0.05906361,0,0,0.094644098,0.02988761,0,0,0,0,0,0,0,0,0.468950833,0.001245317,0,0,0.001245317,0,0.492611858,0.172565367,32.05792016,39.26244248,17.93265074,15.13697212
PC-PJ-BF-BO-BY-BU-AC-BH-RI-DL-DF,48,0.125911914,0.010638207,0,0.232611543,0.070815528,0,0,0.079389605,0.026516128,0,0,0,0,0,0,0,0,0.426004621,0.000158779,0,0,0.001746571,0,0.436960386,0.38583348,33.77785856,35.83016664,13.94135483,15.68195955
PJ-BV-BF-BO-BT-BC-BU-BA-CA-BH-ER-CC-DF,0,0,0.000507692,0.000507692,0.000507692,0.000507692,0.000507692,0.000507692,0,0.000507692,0,0,0.000507692,0,0.000507692,0,0,0,0,0.000507692,0,0.000507692,0,0.000507692,0,0.000507692,0,0,28,0
PJ-BV-BF-BO-BT-BC-BU-BA-CA-BH-ER-CC-DF,16,0,0.010562173,0.039901541,0.173521407,0.160444432,0.221135011,0.289369999,0,0.04744595,0,0,0.127584339,0,0.009388598,0,0,0,0,0.001173575,0,0.290040613,0,0.00570022,0,0.094388939,5.05911544,46.6192814,42.27323729,21.10740802
PJ-BV-BF-BO-BT-BC-BU-BA-CA-BH-ER-CC-DF,32,0,0.010813004,0.041666107,0.125286668,0.105679088,0.194489891,0.230533236,0,0.033159878,0,0,0.063147941,0,0.007352842,0,0,0,0,0.000720867,0,0.309828596,0,0.014417338,0,0.151237877,6.53377384,39.69249348,36.8475515,20.60186987
PJ-BV-BF-BO-BT-BC-BU-BA-CA-BH-ER-CC-DF,48,0,0.010549104,0.013803614,0.156665411,0.099318688,0.270236611,0.287743634,0,0.021210432,0,0,0.036921863,0,0.003030062,0,0,0,0,0.001683368,0,0.264064263,0,0.006957919,0,0.137699469,6.32236,38.66541428,40.59716317,27.24842511
PC-PJ-BV-BO-BC-BU-BL-BA-CA-FP-CH-BH-CG-CC,0,0.000471429,0.000471429,0.000471429,0,0.000471429,0,0.000471429,0,0.000471429,0,0.000471429,0.000471429,0,0.000471429,0,0.000471429,0.000471429,0,0.000471429,0.000471429,0,0,0.000471429,0,0,0,0,28,0
PC-PJ-BV-BO-BC-BU-BL-BA-CA-FP-CH-BH-CG-CC,16,0.136739506,0.017487113,0.027930805,0,0.252713067,0,0.511255171,0,0.079420637,0,0.034974225,0.230611299,0,0.008257803,0,0.000485753,0.05586161,0,0.001700136,0.028052243,0,0,0.01275102,0,0,0.92661464,52.14866164,39.40872032,19.5083776
PC-PJ-BV-BO-BC-BU-BL-BA-CA-FP-CH-BH-CG-CC,32,0.239417324,0.026343074,0.069710583,0,0.313787226,0,0.707678901,0,0.099100135,0,0.0195333,0.15913367,0,0.015053185,0,0.000537614,0.067201719,0,0.005196933,0.033869666,0,0,0.014694776,0,0,1.18714288,52.10517192,35.44178056,21.84234313
PC-PJ-BV-BO-BC-BU-BL-BA-CA-FP-CH-BH-CG-CC,48,0.114279902,0.012105052,0.012207638,0,0.28518683,0,0.497948516,0,0.05119001,0,0.008924912,0.031288483,0,0.001231022,0,0.001231022,0.171625024,0,0.002872385,0.044111632,0,0,0.012617978,0,0,1.20981376,51.02649448,35.52887281,26.93149629
PC-PJ-BC-BU-BL-BP-CA-EL-FP-AC-CG-DL,0,0.00055,0.00055,0,0,0,0,0.00055,0,0.00055,0,0.00055,0,0.00055,0.00055,0.00055,0.00055,0,0.00055,0,0.00055,0,0,0,0.00055,0,0,0,28,0
PC-PJ-BC-BU-BL-BP-CA-EL-FP-AC-CG-DL,16,0.313967956,0.030688597,0,0,0,0,0.682427845,0,0.132000312,0,0.029114823,0,0.251016988,0.072393614,0.00668854,0.000393444,0,0.129442929,0,0.069246066,0,0,0,0.588394836,0,30.82193088,37.27491736,20.19225963,10.20525416
PC-PJ-BC-BU-BL-BP-CA-EL-FP-AC-CG-DL,32,0.081992897,0.029838394,0,0,0,0,0.439552136,0,0.100547864,0,0.007271541,0,0.154206825,0.201095729,0.007773027,0.001002971,0,0.396925859,0,0.027581708,0,0,0,0.352544383,0,36.6179732,38.15057448,15.55068605,10.75713692
PC-PJ-BC-BU-BL-BP-CA-EL-FP-AC-CG-DL,48,0.068014429,0.014318827,0,0,0,0,0.3010208,0,0.053370174,0,0.004339039,0,0.062048251,0.11422519,0.023539284,0.000867808,0,0.568522527,0,0.018983294,0,0,0,0.183866759,0,46.71522808,30.13028684,2.86204456,12.07901202
PJ-BF-BO-BU-BA-CA-EL-CH-BH-CG-RI-CC-DL,0,0,0.000507692,0,0.000507692,0.000507692,0,0,0,0.000507692,0,0,0.000507692,0,0.000507692,0.000507692,0,0.000507692,0,0.000507692,0.000507692,0,0.000507692,0.000507692,0.000507692,0,0,0,28,0
PJ-BF-BO-BU-BA-CA-EL-CH-BH-CG-RI-CC-DL,16,0,0.008318328,0,0.294468823,0.275544626,0,0,0,0.089837946,0,0,0.123111259,0,0.007174558,0.001039791,0,0.14276331,0,0.000831833,0.023499278,0,0.002079582,0.012061576,0.264106925,0,0.77578496,51.67441172,41.59730497,11.4268171
PJ-BF-BO-BU-BA-CA-EL-CH-BH-CG-RI-CC-DL,32,0,0.015464853,0,0.362598249,0.312149797,0,0,0,0.093389694,0,0,0.128673581,0,0.008708364,0.000750721,0,0.118313631,0,0.001201154,0.033782446,0,0.003153028,0.012011536,0.348334549,0,1.36226112,56.40909396,49.73110897,14.89064032
PJ-BF-BO-BU-BA-CA-EL-CH-BH-CG-RI-CC-DL,48,0,0.015502302,0,0.353844704,0.358700846,0,0,0,0.065651313,0,0,0.051456435,0,0.006163566,0.003268558,0,0.078258607,0,0.001587585,0.04986885,0,0.002521459,0.01167342,0.126353097,0,1.49397064,52.6615472,46.31993092,19.4234018
PC-BF-BT-DP-BL-CA-CH-AC-CG-ER-DF,0,0.0006,0,0,0.0006,0,0.0006,0,0,0,0.0006,0.0006,0,0,0.0006,0,0,0.0006,0.0006,0,0.0006,0.0006,0,0,0,0.0006,0,0,28,0
PC-BF-BT-DP-BL-CA-CH-AC-CG-ER-DF,16,0.444591302,0,0,0.368801913,0,0.33374186,0,0,0,0.006266052,0.00701201,0,0,0.019842498,0,0,0.072059597,0.07757969,0,0.036850353,0.230501195,0,0,0,0.148744137,20.77778496,28.55026804,24.6828325,15.63046135
PC-BF-BT-DP-BL-CA-CH-AC-CG-ER-DF,32,0.54820563,0,0,0.214774122,0,0.190957586,0,0,0,0.002551772,0.002551772,0,0,0.013396802,0,0,0.192871414,0.311954096,0,0.026793603,0.166928402,0,0,0,0.17607225,21.11050728,47.81343236,26.0900355,28.98548277
PC-BF-BT-DP-BL-CA-CH-AC-CG-ER-DF,48,0.291411564,0,0,0.157924682,0,0.206800284,0,0,0,0.00245606,0.000736818,0,0,0.005771742,0,0,0.219326192,0.424652839,0,0.024437801,0.138276199,0,0,0,0.144293547,20.92626112,41.63440916,28.81644772,29.20006363
PC-PJ-BV-BF-BY-BA-BP-CA-EL-BH-CG-ER-DL,0,0.000507692,0.000507692,0.000507692,0.000507692,0,0,0,0.000507692,0,0,0,0.000507692,0.000507692,0.000507692,0.000507692,0,0,0,0.000507692,0.000507692,0.000507692,0,0,0.000507692,0,0,0,28,0
PC-PJ-BV-BF-BY-BA-BP-CA-EL-BH-CG-ER-DL,16,0.049531293,0.025983629,0.07145498,0.455931495,0,0,0,0.275670067,0,0,0,0.364176804,0.089115728,0.021923687,0.002435965,0,0,0,0.001217983,0.047907316,0.26775318,0,0,0.475419217,0,3.32879936,57.43033408,47.80884667,13.42747316
PC-PJ-BV-BF-BY-BA-BP-CA-EL-BH-CG-ER-DL,32,0.030903044,0.024619853,0.047316279,0.25786731,0,0,0,0.177981017,0,0,0,0.06962802,0.066550539,0.006796105,0.003077482,0,0,0,0.001025827,0.031159501,0.301721422,0,0,0.110661108,0,5.72055968,60.73190436,58.21294065,16.56941755
PC-PJ-BV-BF-BY-BA-BP-CA-EL-BH-CG-ER-DL,48,0.029368321,0.022263082,0.035147249,0.297567412,0,0,0,0.223672925,0,0,0,0.024631495,0.046231422,0.002936832,0.004168407,0,0,0,0.000852629,0.05826296,0.268767509,0,0,0.020463088,0,5.38280328,59.30790956,58.45139348,21.42695322
PC-PJ-BO-BT-BC-BY-FP-CH-AC-ER-RI-DL-DF,0,0.000507692,0.000507692,0,0,0.000507692,0.000507692,0.000507692,0.000507692,0,0,0,0,0,0,0,0.000507692,0.000507692,0.000507692,0,0,0.000507692,0.000507692,0,0.000507692,0.000507692,0,0,28,0
PC-PJ-BO-BT-BC-BY-FP-CH-AC-ER-RI-DL-DF,16,0.142757394,0.011432952,0,0,0.157589332,0.195287172,0.2828883,0.095017097,0,0,0,0,0,0,0,0.001699493,0.017921924,0.064426227,0,0,0.284278794,0.001853992,0,0.458708554,0.092854106,25.8909152,53.29104888,19.7572139,20.45407456
PC-PJ-BO-BT-BC-BY-FP-CH-AC-ER-RI-DL-DF,32,0.137903386,0.007540041,0,0,0.119846971,0.136316009,0.211517999,0.080162544,0,0,0,0,0,0,0,0.000595266,0.028572788,0.289497899,0,0,0.219256462,0.000992111,0,0.329579171,0.106155844,24.638498,40.8244082,19.71871152,23.03363297
PC-PJ-BO-BT-BC-BY-FP-CH-AC-ER-RI-DL-DF,48,0.098018245,0.011393265,0,0,0.152995269,0.217737947,0.246311532,0.090603581,0,0,0,0,0,0,0,0.001446764,0.076859325,0.483399944,0,0,0.270002288,0.001085073,0,0.162580079,0.136900022,23.27425064,39.4122334,21.3600081,27.84103895
BF-BO-BC-BY-BU-DP-BA-BP-FP-CH-AC-BH-ER-RI-CC-DL-DF,0,0,0,0,0.000388235,0.000388235,0,0.000388235,0.000388235,0.000388235,0.000388235,0,0.000388235,0.000388235,0,0,0.000388235,0.000388235,0.000388235,0.000388235,0,0.000388235,0.000388235,0.000388235,0.000388235,0.000388235,0,0,28,0
BF-BO-BC-BY-BU-DP-BA-BP-FP-CH-AC-BH-ER-RI-CC-DL-DF,16,0,0,0,0.181957791,0.142948135,0,0.305270194,0.084957271,0.056420006,0.006414339,0,0.099487713,0.078281122,0,0,0.001178144,0.036522463,0.024217404,0.000392715,0,0.245839376,0.001047239,0.007068864,0.122526973,0.113494536,18.43948984,47.82123356,33.29885859,11.57292722
BF-BO-BC-BY-BU-DP-BA-BP-FP-CH-AC-BH-ER-RI-CC-DL-DF,32,0,0,0,0.146911524,0.118385014,0,0.23291895,0.065896237,0.035943402,0.002710018,0,0.039366583,0.093994849,0,0,0.002139488,0.050491922,0.194693427,0.00057053,0,0.175438033,0.000142633,0.004564242,0.171159057,0.084866366,19.00495368,51.6038936,37.45366162,13.58038059
BF-BO-BC-BY-BU-DP-BA-BP-FP-CH-AC-BH-ER-RI-CC-DL-DF,48,0,0,0,0.12332411,0.115932876,0,0.193267084,0.072406719,0.026553693,0.002053121,0,0.009718104,0.026006194,0,0,0.000273749,0.078018582,0.363812967,0.000136875,0,0.143855315,0.001094998,0.00465374,0.104572275,0.089516057,19.23476936,46.16162676,36.94247556,14.64552623
PJ-BV-BO-BU-CA-CH-AC-BH-CG-RI-DL-DF,0,0,0.00055,0.00055,0,0.00055,0,0,0,0.00055,0,0,0,0,0.00055,0,0,0.00055,0.00055,0.00055,0.00055,0,0.00055,0,0.00055,0.00055,0,0,28,0
PJ-BV-BO-BU-CA-CH-AC-BH-CG-RI-DL-DF,16,0,0.023061503,0.060828892,0,0.575367789,0,0,0,0.126838266,0,0,0,0,0.020387706,0,0,0.084391732,0.259525465,0.000668449,0.031082895,0,0.00284091,0,0.374498755,0.250167174,24.48061944,63.8479558,16.80059618,15.47527684
PJ-BV-BO-BU-CA-CH-AC-BH-CG-RI-DL-DF,32,0,0.01758109,0.024207809,0,0.303882386,0,0,0,0.076410124,0,0,0,0,0.031645963,0,0,0.052608032,0.489700987,0.000811435,0.021232548,0,0.001487631,0,0.350539895,0.326737803,28.39006144,45.17825004,13.6192786,16.29883334
PJ-BV-BO-BU-CA-CH-AC-BH-CG-RI-DL-DF,48,0,0.008842243,0.010212168,0,0.382333602,0,0,0,0.055295153,0,0,0,0,0.008842243,0,0,0.142596734,0.32243052,0.000747232,0.021296106,0,0.002117157,0,0.405248711,0.33700154,26.10283712,40.87415464,17.25856229,19.61366993
PC-BF-BO-BC-BY-DP-BL-BA-BP-CA-EL-AC-BH-CG-RI-CC-DL,0,0.000388235,0,0,0.000388235,0.000388235,0,0.000388235,0.000388235,0,0.000388235,0.000388235,0.000388235,0.000388235,0.000388235,0.000388235,0,0,0.000388235,0.000388235,0.000388235,0,0.000388235,0.000388235,0.000388235,0,0,0,28,0
PC-BF-BO-BC-BY-DP-BL-BA-BP-CA-EL-AC-BH-CG-RI-CC-DL,16,0.073798054,0,0,0.251892336,0.07555515,0,0.288540349,0.084340633,0,0.004016221,0.014182279,0.150984793,0.105802311,0.010793593,0.001757097,0,0,0.031376723,0.000376521,0.020959651,0,0.001757097,0.011672141,0.315398824,0,16.2465348,45.67505252,40.57114494,11.56155313
PC-BF-BO-BC-BY-DP-BL-BA-BP-CA-EL-AC-BH-CG-RI-CC-DL,32,0.094901193,0,0,0.223847657,0.061565198,0,0.263708995,0.086815441,0,0.002837106,0.003546382,0.095610469,0.173489027,0.013618108,0.001844119,0,0,0.139443756,0.000141855,0.019576031,0,0.001418553,0.008511318,0.318890705,0,15.5104028,47.11692704,44.17931657,11.92693022
PC-BF-BO-BC-BY-DP-BL-BA-BP-CA-EL-AC-BH-CG-RI-CC-DL,48,0.044137011,0,0,0.226801037,0.057592174,0,0.235873079,0.0721686,0,0.002140594,0.00234446,0.04311768,0.074818859,0.002446393,0.001223197,0,0,0.437802452,0.000509665,0.024463932,0,0.001121264,0.013149364,0.200808109,0,20.68401208,43.32903468,39.29952018,13.59232395
PJ-BO-BT-BC-CA-EL-FP-AC-BH-ER-RI,0,0,0.0006,0,0,0.0006,0.0006,0.0006,0,0,0,0,0,0,0.0006,0.0006,0.0006,0,0.0006,0.0006,0,0.0006,0.0006,0,0,0,0,0,28,0
PJ-BO-BT-BC-CA-EL-FP-AC-BH-ER-RI,16,0,0.043091977,0,0,0.143868831,0.657367247,0.47487015,0,0,0,0,0,0,0.112794537,0.009957509,0.001373449,0,0.251512932,0.000858406,0,0.46611441,0.00429203,0,0,0,32.55875856,4.33959844,17.4506698,19.94146766
PJ-BO-BT-BC-CA-EL-FP-AC-BH-ER-RI,32,0,0.033684762,0,0,0.087829899,0.676938968,0.308901748,0,0,0,0,0,0,0.179153033,0.054394654,0.001247584,0,0.458611803,0.002245651,0,0.217079581,0.001996134,0,0,0,42.33500032,8.59106332,11.44120067,29.89976432
PJ-BO-BT-BC-CA-EL-FP-AC-BH-ER-RI,48,0,0.022682787,0,0,0.043179281,0.735004272,0.184058515,0,0,0,0,0,0,0.079936326,0.092780796,0.001093146,0,0.365657451,0.001093146,0,0.168617823,0.00040993,0,0,0,44.88809064,8.75462848,3.79370718,28.27884905
PJ-BO-BT-BC-BY-BU-BL-BP-FP-AC-BH-CG-RI-DF,0,0,0.000471429,0,0,0.000471429,0.000471429,0.000471429,0.000471429,0.000471429,0,0.000471429,0,0.000471429,0,0,0.000471429,0,0.000471429,0.000471429,0.000471429,0,0.000471429,0,0,0.000471429,0,0,28,0
PJ-BO-BT-BC-BY-BU-BL-BP-FP-AC-BH-CG-RI-DF,16,0,0.024338767,0,0,0.135374447,0.456709797,0.413759032,0.144282754,0.053927071,0,0.011930768,0,0.153986445,0,0,0.003022461,0,0.193278441,0.000477231,0.037383073,0,0.002068,0,0,0.260727049,26.39078416,27.39044236,18.96005362,15.10007136
PJ-BO-BT-BC-BY-BU-BL-BP-FP-AC-BH-CG-RI-DF,32,0,0.018850547,0,0,0.083718607,0.36795529,0.29809738,0.118462753,0.035298574,0,0.007946799,0,0.101645108,0,0,0.002032902,0,0.474405439,0.000369619,0.030123914,0,0.002032902,0,0,0.31620869,29.4261592,35.39487544,28.0810812,17.66094188
PJ-BO-BT-BC-BY-BU-BL-BP-FP-AC-BH-CG-RI-DF,48,0,0.015390861,0,0,0.050966458,0.337085091,0.218499767,0.105212936,0.018040108,0,0.004289256,0,0.067240402,0,0,0.001892319,0,0.639982286,0.000252309,0.028637094,0,0.002018474,0,0,0.226573662,29.7564988,32.32122628,28.79842083,19.27613052
PC-PJ-BC-BY-DP-BL-CA-FP-CH-BH-ER-RI,0,0.00055,0.00055,0,0,0,0,0.00055,0.00055,0,0.00055,0.00055,0,0,0.00055,0,0.00055,0.00055,0,0.00055,0,0.00055,0.00055,0,0,0,0,0,28,0
PC-PJ-BC-BY-DP-BL-CA-FP-CH-BH-ER-RI,16,0.218483858,0.028470984,0,0.021167558,0,0,0.666097247,0.203877005,0,0.00953159,0.014978214,0.014359279,0,0.045553575,0,0.000866508,0.026614181,0,0.000742721,0,0.17503466,0.002970885,0,0.021043771,0,2.78475664,33.8350058,35.83376432,18.75250014
PC-PJ-BC-BY-DP-BL-CA-FP-CH-BH-ER-RI,32,0.29032972,0.02128145,0,0,0,0,0.582773492,0.183640595,0,0.004369039,0.015080233,0,0,0.023677375,0,0.000281874,0.111058165,0,0.000563747,0,0.207458907,0.002395925,0,0,0,4.93777776,46.00174156,47.49220559,27.69643683
PC-PJ-BC-BY-DP-BL-CA-FP-CH-BH-ER-RI,48,0.134139319,0.015604574,0,0,0,0,0.649290322,0.17675181,0,0.003200938,0.007802287,0,0,0.008502492,0,0.000800235,0.262276879,0,0.000800235,0,0.216663509,0.002200645,0,0,0,6.29530912,43.38830804,48.25970442,28.9004655
BF-BU-BL-BA-EL-FP-CH-BH-CG-RI-DL,0,0,0,0,0.0006,0,0,0,0,0.0006,0,0.0006,0.0006,0,0,0.0006,0.0006,0.0006,0,0.0006,0.0006,0,0.0006,0,0.0006,0,0,0,28,0
BF-BU-BL-BA-EL-FP-CH-BH-CG-RI-DL,16,0,0,0,0.492494533,0,0,0,0,0.129270581,0,0.01867828,0.269410444,0,0,0.00105527,0.000738689,0.086848725,0,0.000844216,0.02395463,0,0.001793959,0,0.370399788,0,0.73895208,61.07631552,46.44864195,8.97862434
BF-BU-BL-BA-EL-FP-CH-BH-CG-RI-DL,32,0,0,0,0.405750339,0,0,0,0,0.089757823,0,0.011245285,0.146188709,0,0,0.000715609,0.000613379,0.0913935,0,0.000613379,0.027499834,0,0.001737908,0,0.353715337,0,0.89013216,61.04556776,51.84108985,10.94157663
BF-BU-BL-BA-EL-FP-CH-BH-CG-RI-DL,48,0,0,0,0.450987148,0,0,0,0,0.100219366,0,0.010088638,0.094299587,0,0,0.001834298,0.000917149,0.104971865,0,0.001000526,0.042939246,0,0.002001052,0,0.299657572,0,1.15073048,60.35695032,52.55592152,13.9979571
PC-PJ-BO-BC-BY-BU-DP-BL-CA-EL-CH-AC-BH-CG-DL-DF,0,0.0004125,0.0004125,0,0,0.0004125,0,0.0004125,0.0004125,0.0004125,0.0004125,0.0004125,0,0,0.0004125,0.0004125,0,0.0004125,0.0004125,0.0004125,0.0004125,0,0,0,0.0004125,0.0004125,0,0,28,0
PC-PJ-BO-BC-BY-BU-DP-BL-CA-EL-CH-AC-BH-CG-DL-DF,16,0.229101666,0.017306241,0,0,0.282531251,0,0.466444398,0.150124773,0.068950261,0.005768747,0.0061808,0,0,0.031590757,0.001098809,0,0.046012625,0.082960076,0.000686756,0.025959361,0,0,0,0.408207524,0.164271938,18.32808016,44.60725736,31.59869173,16.99707504
PC-PJ-BO-BC-BY-BU-DP-BL-CA-EL-CH-AC-BH-CG-DL-DF,32,0.316889172,0.011586441,0,0,0.155065207,0,0.283867814,0.106209046,0.039973223,0.003862147,0.006758757,0,0,0.015834803,0.000772429,0,0.050980342,0.361303864,0.000579322,0.021241809,0,0,0,0.2966129,0.145602947,17.86774216,40.31179844,33.33293865,21.18205025
PC-PJ-BO-BC-BY-BU-DP-BL-CA-EL-CH-AC-BH-CG-DL-DF,48,0.12488092,0.009891558,0,0,0.163622855,0,0.246739419,0.111005262,0.027339167,0.001648593,0.005632693,0,0,0.015112102,0.003159803,0,0.052205445,0.419566918,0.000137383,0.019370968,0,0,0,0.212393731,0.188626516,17.72923488,40.8933582,34.15222908,22.5673933
PC-PJ-BV-BF-BO-BU-CA-CH-AC-BH-CG,0,0.0006,0.0006,0.0006,0.0006,0.0006,0,0,0,0.0006,0,0,0,0,0.0006,0,0,0.0006,0.0006,0.0006,0.0006,0,0,0,0,0,0,0,28,0
PC-PJ-BV-BF-BO-BU-CA-CH-AC-BH-CG,16,0.909258878,0.026494452,0.119033046,0.416807649,0.534304784,0,0,0,0.108473663,0,0,0,0,0.077755457,0,0,0.063548287,0.309485919,0.000767955,0.077179491,0,0,0,0,0,31.1674136,54.32102792,5.92075406,29.06237192
PC-PJ-BV-BF-BO-BU-CA-CH-AC-BH-CG,32,0.565465167,0.014106826,0.016888454,0.243591108,0.314721302,0,0,0,0.065964313,0,0,0,0,0.044108667,0,0,0.101132034,0.564670416,0.000993438,0.044506043,0,0,0,0,0,30.28419536,36.38981212,4.80755001,33.79176906
PC-PJ-BV-BF-BO-BU-CA-CH-AC-BH-CG,48,0.312227035,0.016507168,0.011071881,0.217008861,0.311019193,0,0,0,0.068846967,0,0,0,0,0.124608984,0,0,0.162655992,0.697125868,0.001409148,0.038449622,0,0,0,0,0,31.47399024,34.29651376,3.5598733,35.95499883
PJ-BV-BT-BC-BY-BU-DP-BA-BP-CH-AC-CG-CC-DF,0,0,0.000471429,0.000471429,0,0,0.000471429,0.000471429,0.000471429,0.000471429,0.000471429,0,0.000471429,0.000471429,0,0,0,0.000471429,0.000471429,0,0.000471429,0,0,0.000471429,0,0.000471429,0,0,28,0
PJ-BV-BT-BC-BY-BU-DP-BA-BP-CH-AC-CG-CC-DF,16,0,0.011059483,0.035424908,0,0,0.256268969,0.430110225,0.132195388,0.061863986,0.003801697,0,0.118371034,0.095388045,0,0,0,0.086402215,0.094178414,0,0.022291771,0,0,0.017107639,0,0.214623101,17.28264424,46.76294956,30.20198432,16.65118885
PJ-BV-BT-BC-BY-BU-DP-BA-BP-CH-AC-CG-CC-DF,32,0,0.009883086,0.032472995,0,0,0.226322659,0.322470962,0.111255306,0.051674419,0.003529673,0,0.039249968,0.086547592,0,0,0,0.0594397,0.350002415,0,0.018919049,0,0,0.015954124,0,0.153187826,17.74807472,49.65010276,35.91787744,16.4153565
PJ-BV-BT-BC-BY-BU-DP-BA-BP-CH-AC-CG-CC-DF,48,0,0.006316033,0.006890218,0,0,0.202495841,0.247377953,0.079428898,0.027847963,0.001531159,0,0.015215897,0.036460735,0,0,0,0.11110476,0.293886922,0,0.023158787,0,0,0.011579394,0,0.136847378,18.58256984,47.33127092,38.57684557,21.42564126
PC-BT-BC-BY-DP-BL-BA-CA-FP-CH-BH-CG-ER-RI,0,0.000471429,0,0,0,0,0.000471429,0.000471429,0.000471429,0,0.000471429,0.000471429,0.000471429,0,0.000471429,0,0.000471429,0.000471429,0,0.000471429,0.000471429,0.000471429,0.000471429,0,0,0,0,0,28,0
PC-BT-BC-BY-DP-BL-BA-CA-FP-CH-BH-CG-ER-RI,16,0.091257463,0,0,0,0,0.278388525,0.443740893,0.144520574,0,0.002722337,0.034443478,0.125819304,0,0.009232273,0,0.000710175,0.039769789,0,0.000710175,0.030655879,0.115521769,0.002012162,0,0,0,2.27596416,48.74062468,44.43387822,15.03969481
PC-BT-BC-BY-DP-BL-BA-CA-FP-CH-BH-CG-ER-RI,32,0.077784347,0,0,0,0,0.278028437,0.368535874,0.120001873,0,0.004626578,0.01778341,0.08877247,0,0.013156832,0,0.000144581,0.120869357,0,0.001301225,0.026024503,0.167713461,0.001156645,0,0,0,5.6942096,46.20421816,46.09798759,18.09723267
PC-BT-BC-BY-DP-BL-BA-CA-FP-CH-BH-CG-ER-RI,48,0.049875669,0,0,0,0,0.38916908,0.430249967,0.144998174,0,0.002082975,0.008447619,0.016316634,0,0.002314416,0,0.000347162,0.182491716,0,0.00138865,0.045015395,0.203321461,0.001735812,0,0,0,5.66569872,43.50091324,49.40573455,22.13530229
PC-PJ-BF-BO-BU-DP-BA-CA-EL-FP-CH-AC-BH-ER-CC-DL-DF,0,0.000388235,0.000388235,0,0.000388235,0.000388235,0,0,0,0.000388235,0.000388235,0,0.000388235,0,0.000388235,0.000388235,0.000388235,0.000388235,0.000388235,0.000388235,0,0.000388235,0,0.000388235,0.000388235,0.000388235,0,0,28,0
PC-PJ-BF-BO-BU-DP-BA-CA-EL-FP-CH-AC-BH-ER-CC-DL-DF,16,0.152705356,0.017541399,0,0.359938626,0.336278135,0,0,0,0.07451695,0.004079395,0,0.157056711,0,0.008838689,0.001223819,0.00013598,0.067310019,0.079548204,0.000679899,0,0.175278009,0,0.009382609,0.228582105,0.123605671,18.22885856,36.34701584,27.99296499,11.96597234
PC-PJ-BF-BO-BU-DP-BA-CA-EL-FP-CH-AC-BH-ER-CC-DL-DF,32,0.234466049,0.010798983,0,0.233550881,0.193466521,0,0,0,0.056740418,0.002196403,0,0.032213915,0,0.005857075,0.002196403,0.000549101,0.057106485,0.304933987,0.000366067,0,0.169123052,0,0.007687411,0.249657838,0.117873642,20.665254,41.84834328,29.90170063,16.8616868
PC-PJ-BF-BO-BU-DP-BA-CA-EL-FP-CH-AC-BH-ER-CC-DL-DF,48,0.138801675,0.011013765,0,0.261506309,0.266165978,0,0,0,0.04885593,0.000988415,0,0.039254187,0,0.002965244,0.001129617,0.000706011,0.040525006,0.38534056,0.000282404,0,0.124399059,0,0.011296169,0.135271622,0.171701766,23.88072296,39.55549968,28.90266812,20.6676903
PC-BV-BF-BO-BT-BU-DP-CA-EL-FP-BH-CG-DF,0,0.000507692,0,0.000507692,0.000507692,0.000507692,0.000507692,0,0,0.000507692,0.000507692,0,0,0,0.000507692,0.000507692,0.000507692,0,0,0.000507692,0.000507692,0,0,0,0,0.000507692,0,0,28,0
PC-BV-BF-BO-BT-BU-DP-CA-EL-FP-BH-CG-DF,16,0.069224739,0,0.060785479,0.279065792,0.184067098,0.410444539,0,0,0.054284968,0.007184775,0,0,0,0.009807788,0.000456176,0.000456176,0,0,0.00057022,0.028282925,0,0,0,0,0.233790304,0.33745208,32.86065956,29.64063906,23.46354115
PC-BV-BF-BO-BT-BU-DP-CA-EL-FP-BH-CG-DF,32,0.193133381,0,0.014977691,0.204845259,0.097636525,0.331423638,0,0,0.042230331,0.00641901,0,0,0,0.012049721,0.001238756,0.000563071,0,0,0.000900914,0.028941854,0,0,0,0,0.329734425,2.12533888,45.48051108,42.92767758,32.81205162
PC-BV-BF-BO-BT-BU-DP-CA-EL-FP-BH-CG-DF,48,0.137762949,0,0.012385812,0.276110135,0.098852803,0.441449043,0,0,0.02710857,0.002336946,0,0,0,0.004440197,0.002220098,0.000701084,0,0,0.000350542,0.041363939,0,0,0,0,0.324134369,1.95135944,40.34100172,41.52855125,33.82210625
PJ-BF-BO-BT-BC-BY-BU-DP-BL-BA-CH-AC-CG-RI-CC-DF,0,0,0.0004125,0,0.0004125,0.0004125,0.0004125,0.0004125,0.0004125,0.0004125,0.0004125,0.0004125,0.0004125,0,0,0,0,0.0004125,0.0004125,0,0.0004125,0,0.0004125,0.0004125,0,0.0004125,0,0,28,0
PJ-BF-BO-BT-BC-BY-BU-DP-BL-BA-CH-AC-CG-RI-CC-DF,16,0,0.016614156,0,0.195896004,0.190911757,0.227916014,0.342251616,0.127626926,0.061623415,0.004682171,0.005890474,0.090018519,0,0,0,0,0.086695687,0.094096539,0,0.018275572,0,0.003171793,0.018426609,0,0.132460135,18.51045168,30.572213,24.84399861,14.93901319
PJ-BF-BO-BT-BC-BY-BU-DP-BL-BA-CH-AC-CG-RI-CC-DF,32,0,0.011027266,0,0.131891903,0.136680058,0.171067716,0.250289915,0.089523987,0.039901291,0.002031338,0.007544971,0.049477601,0,0,0,0,0.076610478,0.281340374,0,0.012913509,0,0.001015669,0.01813695,0,0.12042935,20.752562,36.86685156,28.37824107,19.35014693
PJ-BF-BO-BT-BC-BY-BU-DP-BL-BA-CH-AC-CG-RI-CC-DF,48,0,0.007991861,0,0.094027695,0.109814087,0.130040401,0.163093158,0.057521664,0.023778252,0.000690655,0.003551938,0.016477046,0,0,0,0,0.116917963,0.341972708,0,0.013714428,0,0.000690655,0.017463696,0,0.124416499,20.87163376,39.51819576,30.57256509,23.92747358
PJ-BV-BO-BU-CA-EL-FP-CH-BH-CG-ER,0,0,0.0006,0.0006,0,0.0006,0,0,0,0.0006,0,0,0,0,0.0006,0.0006,0.0006,0.0006,0,0.0006,0.0006,0.0006,0,0,0,0,0,0,28,0
PJ-BV-BO-BU-CA-EL-FP-CH-BH-CG-ER,16,0,0.019226688,0.16374204,0,0.546857439,0,0,0,0.134429221,0,0,0,0,0.018438709,0.001103171,0.000630383,0.123397514,0,0.001260766,0.040502122,0.52164211,0,0,0,0,8.144002,45.87874264,29.79474875,29.37803402
PJ-BV-BO-BU-CA-EL-FP-CH-BH-CG-ER,32,0,0.027922158,0.03004667,0,0.755112263,0,0,0,0.14871584,0,0,0,0,0.019272359,0.000910505,0.001517509,0.415038593,0,0.002276263,0.03717896,0.258735211,0,0,0,0,7.8746904,48.00822596,26.57751095,33.31910908
PJ-BV-BO-BU-CA-EL-FP-CH-BH-CG-ER,48,0,0.028273589,0.028875155,0,0.774515863,0,0,0,0.137608158,0,0,0,0,0.022257932,0.001955089,0.000300783,0.396131026,0,0.001353523,0.064066749,0.247995468,0,0,0,0,8.06209016,46.53832228,28.72104878,38.39884478
PC-PJ-BV-BF-BO-BT-BC-BY-BU-DP-BL-BA-BP-CA-EL-FP-CH-AC-BH-CG-ER-RI-CC-DL-DF,0,0.000264,0.000264,0.000264,0.000264,0.000264,0.000264,0.000264,0.000264,0.000264,0.000264,0.000264,0.000264,0.000264,0.000264,0.000264,0.000264,0.000264,0.000264,0.000264,0.000264,0.000264,0.000264,0.000264,0.000264,0.000264,0,0,28,0
PC-PJ-BV-BF-BO-BT-BC-BY-BU-DP-BL-BA-BP-CA-EL-FP-CH-AC-BH-CG-ER-RI-CC-DL-DF,16,0.079923887,0.006808331,0.038777886,0.13631463,0.135574594,0.152595421,0.251168215,0.077703779,0.036409771,0.004292209,0.005032245,0.078443815,0.056094728,0.007992389,0.000888043,0,0.025605245,0.039961944,0.000148007,0.013320648,0.185008998,0.000888043,0.003848187,0.218458625,0.117073694,20.39894416,44.685687,29.86071626,16.86823529
PC-PJ-BV-BF-BO-BT-BC-BY-BU-DP-BL-BA-BP-CA-EL-FP-CH-AC-BH-CG-ER-RI-CC-DL-DF,32,0.102593724,0.005984634,0.007552038,0.10330618,0.094044247,0.099173933,0.175976735,0.061271252,0.022798605,0.001424913,0.005272177,0.042319911,0.039042612,0.004132247,0.000712456,0.000142491,0.029068222,0.234825635,0.000284983,0.012539233,0.134654263,0.000284983,0.006127125,0.225278719,0.130522015,21.1184672,40.78061116,31.04910717,19.13382433
PC-PJ-BV-BF-BO-BT-BC-BY-BU-DP-BL-BA-BP-CA-EL-FP-CH-AC-BH-CG-ER-RI-CC-DL-DF,48,0.061767454,0.006946951,0.006040827,0.107224675,0.1264043,0.159477827,0.201612594,0.070979715,0.025673514,0.002869393,0.004077558,0.018424522,0.019783708,0.003020413,0.001208165,0.000151021,0.024616369,0.320767902,0,0.016310232,0.119457349,0.000453062,0.004832661,0.098767518,0.172465604,21.10767488,39.55471956,31.85526791,21.95824047
